function	native_identifier	implementation	limits
_exit	_exit	existing-kernel-wrapper	kernel-dependent;not-full-POSIX
read	Olvasás	existing-kernel-wrapper	kernel-dependent;not-full-POSIX
write	Írás	existing-kernel-wrapper	kernel-dependent;not-full-POSIX
close	Bezárás	existing-kernel-wrapper	kernel-dependent;not-full-POSIX
lseek	lseek	existing-kernel-wrapper	kernel-dependent;not-full-POSIX
fork	fork	existing-kernel-wrapper	kernel-dependent;not-full-POSIX
execve	execve	existing-kernel-wrapper	kernel-dependent;not-full-POSIX
getpid	getpid	existing-kernel-wrapper	kernel-dependent;not-full-POSIX
getppid	getppid	existing-kernel-wrapper	kernel-dependent;not-full-POSIX
getuid	getuid	existing-kernel-wrapper	kernel-dependent;not-full-POSIX
geteuid	geteuid	existing-kernel-wrapper	kernel-dependent;not-full-POSIX
getgid	getgid	existing-kernel-wrapper	kernel-dependent;not-full-POSIX
getegid	getegid	existing-kernel-wrapper	kernel-dependent;not-full-POSIX
access	access	existing-kernel-wrapper	kernel-dependent;not-full-POSIX
chdir	chdir	existing-kernel-wrapper	kernel-dependent;not-full-POSIX
getcwd	getcwd	existing-kernel-wrapper	kernel-dependent;not-full-POSIX
dup	dup	existing-kernel-wrapper	kernel-dependent;not-full-POSIX
dup2	dup2	existing-kernel-wrapper	kernel-dependent;not-full-POSIX
fsync	fsync	existing-kernel-wrapper	kernel-dependent;not-full-POSIX
sync	sync	existing-kernel-wrapper	kernel-dependent;not-full-POSIX
isatty	isatty	existing-kernel-wrapper	kernel-dependent;not-full-POSIX
brk	brk	existing-kernel-wrapper	kernel-dependent;not-full-POSIX
sbrk	sbrk	existing-kernel-wrapper	kernel-dependent;not-full-POSIX
waitpid	waitpid	existing-kernel-wrapper	kernel-dependent;not-full-POSIX
wait	wait	existing-kernel-wrapper	kernel-dependent;not-full-POSIX
open	Megnyitás	existing-kernel-wrapper	kernel-dependent;not-full-POSIX
creat	creat	existing-kernel-wrapper	kernel-dependent;not-full-POSIX
fcntl	fcntl	existing-kernel-wrapper	kernel-dependent;not-full-POSIX
stat	stat	existing-kernel-wrapper	kernel-dependent;not-full-POSIX
lstat	lstat	existing-kernel-wrapper	kernel-dependent;not-full-POSIX
fstat	fstat	existing-kernel-wrapper	kernel-dependent;not-full-POSIX
uname	uname	existing-kernel-wrapper	kernel-dependent;not-full-POSIX
htons	htons	existing-kernel-wrapper	kernel-dependent;not-full-POSIX
ntohs	ntohs	existing-kernel-wrapper	kernel-dependent;not-full-POSIX
htonl	htonl	existing-kernel-wrapper	kernel-dependent;not-full-POSIX
ntohl	ntohl	existing-kernel-wrapper	kernel-dependent;not-full-POSIX
socket	socket	existing-kernel-wrapper	kernel-dependent;not-full-POSIX
bind	bind	existing-kernel-wrapper	kernel-dependent;not-full-POSIX
connect	connect	existing-kernel-wrapper	kernel-dependent;not-full-POSIX
listen	listen	existing-kernel-wrapper	kernel-dependent;not-full-POSIX
accept	accept	existing-kernel-wrapper	kernel-dependent;not-full-POSIX
getsockname	getsockname	existing-kernel-wrapper	kernel-dependent;not-full-POSIX
getpeername	getpeername	existing-kernel-wrapper	kernel-dependent;not-full-POSIX
send	send	existing-kernel-wrapper	kernel-dependent;not-full-POSIX
recv	recv	existing-kernel-wrapper	kernel-dependent;not-full-POSIX
sendto	sendto	existing-kernel-wrapper	kernel-dependent;not-full-POSIX
recvfrom	recvfrom	existing-kernel-wrapper	kernel-dependent;not-full-POSIX
shutdown	shutdown	existing-kernel-wrapper	kernel-dependent;not-full-POSIX
setsockopt	setsockopt	existing-kernel-wrapper	kernel-dependent;not-full-POSIX
memcpy	memcpy	userspace-library	single-thread;C-locale;byte-strings;i386
memmove	memmove	userspace-library	single-thread;C-locale;byte-strings;i386
memset	memset	userspace-library	single-thread;C-locale;byte-strings;i386
memcmp	memcmp	userspace-library	single-thread;C-locale;byte-strings;i386
memchr	memchr	userspace-library	single-thread;C-locale;byte-strings;i386
strlen	strlen	userspace-library	single-thread;C-locale;byte-strings;i386
strnlen	strnlen	userspace-library	single-thread;C-locale;byte-strings;i386
strcpy	strcpy	userspace-library	single-thread;C-locale;byte-strings;i386
strncpy	strncpy	userspace-library	single-thread;C-locale;byte-strings;i386
stpcpy	stpcpy	userspace-library	single-thread;C-locale;byte-strings;i386
stpncpy	stpncpy	userspace-library	single-thread;C-locale;byte-strings;i386
strcat	strcat	userspace-library	single-thread;C-locale;byte-strings;i386
strncat	strncat	userspace-library	single-thread;C-locale;byte-strings;i386
strcmp	strcmp	userspace-library	single-thread;C-locale;byte-strings;i386
strncmp	strncmp	userspace-library	single-thread;C-locale;byte-strings;i386
strcoll	strcoll	userspace-library	single-thread;C-locale;byte-strings;i386
strxfrm	strxfrm	userspace-library	single-thread;C-locale;byte-strings;i386
strchr	strchr	userspace-library	single-thread;C-locale;byte-strings;i386
strrchr	strrchr	userspace-library	single-thread;C-locale;byte-strings;i386
strstr	strstr	userspace-library	single-thread;C-locale;byte-strings;i386
strspn	strspn	userspace-library	single-thread;C-locale;byte-strings;i386
strcspn	strcspn	userspace-library	single-thread;C-locale;byte-strings;i386
strpbrk	strpbrk	userspace-library	single-thread;C-locale;byte-strings;i386
strtok	strtok	userspace-library	single-thread;C-locale;byte-strings;i386
strtok_r	strtok_r	userspace-library	single-thread;C-locale;byte-strings;i386
strdup	strdup	userspace-library	single-thread;C-locale;byte-strings;i386
strndup	strndup	userspace-library	single-thread;C-locale;byte-strings;i386
strcasecmp	strcasecmp	userspace-library	single-thread;C-locale;byte-strings;i386
strncasecmp	strncasecmp	userspace-library	single-thread;C-locale;byte-strings;i386
isalnum	isalnum	userspace-library	single-thread;C-locale;byte-strings;i386
isalpha	isalpha	userspace-library	single-thread;C-locale;byte-strings;i386
isblank	isblank	userspace-library	single-thread;C-locale;byte-strings;i386
iscntrl	iscntrl	userspace-library	single-thread;C-locale;byte-strings;i386
isdigit	isdigit	userspace-library	single-thread;C-locale;byte-strings;i386
isgraph	isgraph	userspace-library	single-thread;C-locale;byte-strings;i386
islower	islower	userspace-library	single-thread;C-locale;byte-strings;i386
isprint	isprint	userspace-library	single-thread;C-locale;byte-strings;i386
ispunct	ispunct	userspace-library	single-thread;C-locale;byte-strings;i386
isspace	isspace	userspace-library	single-thread;C-locale;byte-strings;i386
isupper	isupper	userspace-library	single-thread;C-locale;byte-strings;i386
isxdigit	isxdigit	userspace-library	single-thread;C-locale;byte-strings;i386
tolower	tolower	userspace-library	single-thread;C-locale;byte-strings;i386
toupper	toupper	userspace-library	single-thread;C-locale;byte-strings;i386
malloc	malloc	userspace-library	single-thread;C-locale;byte-strings;i386
calloc	calloc	userspace-library	single-thread;C-locale;byte-strings;i386
realloc	realloc	userspace-library	single-thread;C-locale;byte-strings;i386
free	free	userspace-library	single-thread;C-locale;byte-strings;i386
strtol	strtol	userspace-library	single-thread;C-locale;byte-strings;i386
strtoul	strtoul	userspace-library	single-thread;C-locale;byte-strings;i386
atoi	atoi	userspace-library	single-thread;C-locale;byte-strings;i386
atol	atol	userspace-library	single-thread;C-locale;byte-strings;i386
abs	abs	userspace-library	single-thread;C-locale;byte-strings;i386
labs	labs	userspace-library	single-thread;C-locale;byte-strings;i386
div	div	userspace-library	single-thread;C-locale;byte-strings;i386
ldiv	ldiv	userspace-library	single-thread;C-locale;byte-strings;i386
qsort	qsort	userspace-library	single-thread;C-locale;byte-strings;i386
bsearch	bsearch	userspace-library	single-thread;C-locale;byte-strings;i386
getenv	getenv	userspace-library	single-thread;C-locale;byte-strings;i386
