edition	case	result	program_sha256	kernel_iso_sha256
ABW	native	PASS	5ea75f556a7e24f0e0192d25281adea424f5a0e0f4c7c7b0632650782ad44fca	ae3125971b2c5a390750fa3883ffe939607d07040a51eae92055d65bd9a930bf
AFG	native	PASS	5ea75f556a7e24f0e0192d25281adea424f5a0e0f4c7c7b0632650782ad44fca	52b84682e8e429b6d7ee43b60a103c6fd75fc1644c05cacd727955777a427546
AGO	native	PASS	5ea75f556a7e24f0e0192d25281adea424f5a0e0f4c7c7b0632650782ad44fca	b4cb447b8d33ca5c68fb5af6ccdf0399b638c5968ad253fe74527216ed89bf8d
AIA	native	PASS	5ea75f556a7e24f0e0192d25281adea424f5a0e0f4c7c7b0632650782ad44fca	47a5bc01b71e2f551d7808c666150ca34ecd8dcf5821fe628eb3ddaa81fac419
ALA	native	PASS	5ea75f556a7e24f0e0192d25281adea424f5a0e0f4c7c7b0632650782ad44fca	aef2fed1319d7077d393056051d7ba658c0b8fb3f05dbbcd9b8e198e53b745f2
ALB	native	PASS	5ea75f556a7e24f0e0192d25281adea424f5a0e0f4c7c7b0632650782ad44fca	d434e537fd86005cbdde149384c6a4164ec0c7c3e43a4b8c856933ebbc3dd4ac
AND	native	PASS	5ea75f556a7e24f0e0192d25281adea424f5a0e0f4c7c7b0632650782ad44fca	2fcabe954b995a323f69f83e59b081c5b80be13b8ef358c58954cd0985bd79c2
ARE	native	PASS	5ea75f556a7e24f0e0192d25281adea424f5a0e0f4c7c7b0632650782ad44fca	9d58d95ae4b92b89000ceb5f0f4e13053e16e6a86debb4857dac09ea50e135e2
ARG	native	PASS	5ea75f556a7e24f0e0192d25281adea424f5a0e0f4c7c7b0632650782ad44fca	1414273f4c8d5fa665784a996e6550a355b7a13330b2b90cebc2256a6e2960c2
ARM	native	PASS	5ea75f556a7e24f0e0192d25281adea424f5a0e0f4c7c7b0632650782ad44fca	8d6429602b8e9d3a31179f5c0c8fa0a7568a889babafcbc7db03c55677bc116e
ASM	native	PASS	5ea75f556a7e24f0e0192d25281adea424f5a0e0f4c7c7b0632650782ad44fca	cd18c4c2d9039a18ddd47c25914235993e70335071c90e353f73bd44c110c526
ATA	native	PASS	5ea75f556a7e24f0e0192d25281adea424f5a0e0f4c7c7b0632650782ad44fca	c0ff370f732b80f6aea807462c561e47def7ccb8cf32acd369950fb7e5a68a2d
ATF	native	PASS	5ea75f556a7e24f0e0192d25281adea424f5a0e0f4c7c7b0632650782ad44fca	62576da8cb9e20d0865555322c4ace2a4316a9fb9bb4bb5d4d9f098c91db88c9
ATG	native	PASS	5ea75f556a7e24f0e0192d25281adea424f5a0e0f4c7c7b0632650782ad44fca	bfdf8c7b05e7c975f5452bf0c6935f39a6543fa3c33bff8a3d6df6ace24b8580
AUS	native	PASS	5ea75f556a7e24f0e0192d25281adea424f5a0e0f4c7c7b0632650782ad44fca	72d173123cd031b645a80f156a624028f3cb83d1eb42dd17628a105acc1853e1
AUT	native	PASS	5ea75f556a7e24f0e0192d25281adea424f5a0e0f4c7c7b0632650782ad44fca	5ca36024dc1821c15970cccd6ee8363acf3d12b19c2ce5e6bdac0ddcc9adaf6b
AZE	native	PASS	5ea75f556a7e24f0e0192d25281adea424f5a0e0f4c7c7b0632650782ad44fca	b62e1a51a42b2ed9d2131b511ffed9cd4b5d5b794dd8f6a2fdefab5dee122c9d
BDI	native	PASS	5ea75f556a7e24f0e0192d25281adea424f5a0e0f4c7c7b0632650782ad44fca	4edc6226077537bd55cf594876b3b5cd5fead27bc0599387a3ee1c62ad437ad0
BEL	native	PASS	5ea75f556a7e24f0e0192d25281adea424f5a0e0f4c7c7b0632650782ad44fca	16b82e7d74210a5bdf9bfc29a8ed9d8f6077eb3fe47e751f885e416387624ed9
BEN	native	PASS	5ea75f556a7e24f0e0192d25281adea424f5a0e0f4c7c7b0632650782ad44fca	fe80bc487415204ebc4b5c74f69ae908fc76f4d765e74879752e09f77cfa9e90
BES	native	PASS	5ea75f556a7e24f0e0192d25281adea424f5a0e0f4c7c7b0632650782ad44fca	80f964f000d0579fb16072e0e077fdf9a9e788e0872fc879ae090f88fedbc18e
BFA	native	PASS	5ea75f556a7e24f0e0192d25281adea424f5a0e0f4c7c7b0632650782ad44fca	3e66133dba4f10a3c76d971b74dfa65fbce93200d95de038c370bc00408cc67c
BGD	native	PASS	5ea75f556a7e24f0e0192d25281adea424f5a0e0f4c7c7b0632650782ad44fca	f25533c805f40e836a26e05b6c4039daac02f8acec9aa5e78d552c1d21b14fcc
BGR	native	PASS	5ea75f556a7e24f0e0192d25281adea424f5a0e0f4c7c7b0632650782ad44fca	118d964c8e2486018f9d554ec0e449e0bdc0936721fd6de4f5b32d7733a61ab2
BHR	native	PASS	5ea75f556a7e24f0e0192d25281adea424f5a0e0f4c7c7b0632650782ad44fca	721279e389e0be2aef6f5766611e851f4f19135eb0bbe0705853083123443194
BHS	native	PASS	5ea75f556a7e24f0e0192d25281adea424f5a0e0f4c7c7b0632650782ad44fca	88adcc5c64fd85c329dbf57323940a2945817c97cbc82efb189a8a7095406c32
BIH	native	PASS	5ea75f556a7e24f0e0192d25281adea424f5a0e0f4c7c7b0632650782ad44fca	ffbe3aed8fa79403ceb159f0abf24dc19a9635807f760426132683d24d9bec03
BIH/bs_Cyrl	native	PASS	5ea75f556a7e24f0e0192d25281adea424f5a0e0f4c7c7b0632650782ad44fca	484289091717c88101160b2aeb80e48bf560acdd1144fb68e784522449c16fbc
BIH/bs_Latn	native	PASS	5ea75f556a7e24f0e0192d25281adea424f5a0e0f4c7c7b0632650782ad44fca	bf4315679c583412f5f8e4eb27beaf53157e1c0d368257fd8ff989dadf9853a6
BLM	native	PASS	5ea75f556a7e24f0e0192d25281adea424f5a0e0f4c7c7b0632650782ad44fca	7f2f653ac52debbc6795f74b064d9a8ce31ea19b8bd55bd5246007141046fcad
BLR	native	PASS	5ea75f556a7e24f0e0192d25281adea424f5a0e0f4c7c7b0632650782ad44fca	dbc55d08c65ea3cd51cb48c7f1976bdd01ea13262aebbeed51ddbd5b22fca906
BLZ	native	PASS	5ea75f556a7e24f0e0192d25281adea424f5a0e0f4c7c7b0632650782ad44fca	3286c1fa5ad2f7f44b3cb47461a5e7c5aee9350fea30b580ae5246cb538050bb
BMU	native	PASS	5ea75f556a7e24f0e0192d25281adea424f5a0e0f4c7c7b0632650782ad44fca	786caee4173782b124e99ec06533fc7e78849d1465a72dea2865e997aa25122a
BOL	native	PASS	5ea75f556a7e24f0e0192d25281adea424f5a0e0f4c7c7b0632650782ad44fca	e6e6e505d11bcaff2c10c36b1e5a7a3f28408d12e850a93bdd18156ed358b69f
BRA	native	PASS	5ea75f556a7e24f0e0192d25281adea424f5a0e0f4c7c7b0632650782ad44fca	467e28574b9885e0b152dc575bac0c92527654852fd835f187d5a9a27fe7e845
BRB	native	PASS	5ea75f556a7e24f0e0192d25281adea424f5a0e0f4c7c7b0632650782ad44fca	e4f90f8d9dbb48cb19af450a8dadb7d2c6b3616be40bad369d4f236be068274c
BRN	native	PASS	5ea75f556a7e24f0e0192d25281adea424f5a0e0f4c7c7b0632650782ad44fca	a9895f080c5b52dbbc05e31a7040e470ccb6c0517e0f527fcbfaa7a6fad4c8fd
BTN	native	PASS	5ea75f556a7e24f0e0192d25281adea424f5a0e0f4c7c7b0632650782ad44fca	3a4fe5a221b6281dfe60fe21d6324d2ed91b4b919de3fa4d3b6a5883529bf765
BVT	native	PASS	5ea75f556a7e24f0e0192d25281adea424f5a0e0f4c7c7b0632650782ad44fca	395bf831ac0786b7959bd7298de6583b2438d1811363340dea531b1e77b1dbe2
BWA	native	PASS	5ea75f556a7e24f0e0192d25281adea424f5a0e0f4c7c7b0632650782ad44fca	5c2306d3d9805c8bcb7413466c10706640fb83f27a4cbe0cfbaf533412839c83
CAF	native	PASS	5ea75f556a7e24f0e0192d25281adea424f5a0e0f4c7c7b0632650782ad44fca	fbe108c98cfbae0e492175dab8de217a76f0b4b4288d381cfa7219f6569bb23f
CAN	native	PASS	5ea75f556a7e24f0e0192d25281adea424f5a0e0f4c7c7b0632650782ad44fca	b17ac6e283eebfb8093b216dc44254688ccb3add36a0b34352865c32d20f3f48
CCK	native	PASS	5ea75f556a7e24f0e0192d25281adea424f5a0e0f4c7c7b0632650782ad44fca	c01429aaaf51945c9f6edb422052ac46ac89f6bbbac46d24f8ffe6d91e43ce42
CHE	native	PASS	5ea75f556a7e24f0e0192d25281adea424f5a0e0f4c7c7b0632650782ad44fca	2a2034db07d46620473579885ce9e516384181ec1c287c6ab2641f5682adec0c
CHL	native	PASS	5ea75f556a7e24f0e0192d25281adea424f5a0e0f4c7c7b0632650782ad44fca	ba9e21c41178062df512be1c9b27b0f6ce10d4e9e91c32e6522bfecf10fd0235
CHN	native	PASS	5ea75f556a7e24f0e0192d25281adea424f5a0e0f4c7c7b0632650782ad44fca	19e129e52e00fc96ff2d29f6756760fdddab29cac5c8668b6e9d083584f6ba9d
CHN/zh_Hans	native	PASS	5ea75f556a7e24f0e0192d25281adea424f5a0e0f4c7c7b0632650782ad44fca	92b5bf89bbc29df26fda83e9d10f452eb69c8a9cb0d34c129c23feb3255f4b20
CHN/zh_Hant	native	PASS	5ea75f556a7e24f0e0192d25281adea424f5a0e0f4c7c7b0632650782ad44fca	c8a941a54512d799ce0369b0c44997c5dce1e96a14e3261c78fd45c280fac76b
CIV	native	PASS	5ea75f556a7e24f0e0192d25281adea424f5a0e0f4c7c7b0632650782ad44fca	4ca7495d4bd5f1d0b58cabb7707d2f8f30916f5e4d11be7cbfa47fa2da96e603
CMR	native	PASS	5ea75f556a7e24f0e0192d25281adea424f5a0e0f4c7c7b0632650782ad44fca	f357c59bcb755f1f7c8f9f8b821180be810fba0cf998a0499edc3296323f36c0
COD	native	PASS	5ea75f556a7e24f0e0192d25281adea424f5a0e0f4c7c7b0632650782ad44fca	0c3f10d8614641b42f2a16ba8de4164d060de93105ce084f23d5dd71b77a77bf
COG	native	PASS	5ea75f556a7e24f0e0192d25281adea424f5a0e0f4c7c7b0632650782ad44fca	9ac691b2c6b96e2a9df5314be73ce30967be8e948be3843c151756ae942cd77b
COK	native	PASS	5ea75f556a7e24f0e0192d25281adea424f5a0e0f4c7c7b0632650782ad44fca	171d362470a2cda6eb75d04d64a3d501e32eaa8dfd5d8756502268988f0d2bd6
COL	native	PASS	5ea75f556a7e24f0e0192d25281adea424f5a0e0f4c7c7b0632650782ad44fca	ab183d380b4b63567c82f05af9b36ec8bc06d2b4dbcbadc8b317490eb35a3907
COM	native	PASS	5ea75f556a7e24f0e0192d25281adea424f5a0e0f4c7c7b0632650782ad44fca	e006da021d246b57c65eb0d74bafd551f12ba0ac1b36cf49b56961cd8efe3e87
CPV	native	PASS	5ea75f556a7e24f0e0192d25281adea424f5a0e0f4c7c7b0632650782ad44fca	df287a1eb455df089441d1cd8263f7d05f6b61bdd1409f3069f291e3ee51c4ba
CRI	native	PASS	5ea75f556a7e24f0e0192d25281adea424f5a0e0f4c7c7b0632650782ad44fca	f135890017ffe4f1c6b9bdb9d9641438ca582325c9df194565127e25101a2735
CUB	native	PASS	5ea75f556a7e24f0e0192d25281adea424f5a0e0f4c7c7b0632650782ad44fca	acba883823e23b03a8be4d91e5108c57eb5aed5f05ad5ba00db9fa69b51c5435
CUW	native	PASS	5ea75f556a7e24f0e0192d25281adea424f5a0e0f4c7c7b0632650782ad44fca	2316e0b9763b13cf6dbff964352fcad2c11fd00ad00dee68b5ba18935f50a0e3
CXR	native	PASS	5ea75f556a7e24f0e0192d25281adea424f5a0e0f4c7c7b0632650782ad44fca	f04c2d582e0d5d307cecb2d52a64492e9bdb161ef24606eb8bb696b30b61b0be
CYM	native	PASS	5ea75f556a7e24f0e0192d25281adea424f5a0e0f4c7c7b0632650782ad44fca	22505f42eb6588996aed781e70a9b278db94b31296c44df4157047198765c0d8
CYP	native	PASS	5ea75f556a7e24f0e0192d25281adea424f5a0e0f4c7c7b0632650782ad44fca	b06593a0dfc0cd2ec0feecdeef0c92cdc0d7f6e14e1896e9330a1a57c51b3266
CZE	native	PASS	5ea75f556a7e24f0e0192d25281adea424f5a0e0f4c7c7b0632650782ad44fca	62a103146909c08b607964cd60239624cb8ca4676564fa4996b606f0b43f4e2c
DEU	native	PASS	5ea75f556a7e24f0e0192d25281adea424f5a0e0f4c7c7b0632650782ad44fca	c7be8cb819b619a360024da4e4c1e40d3f882fb2a91df43551c5598af68ac209
DJI	native	PASS	5ea75f556a7e24f0e0192d25281adea424f5a0e0f4c7c7b0632650782ad44fca	a947fa5ebc31b2276f95e250959482b8d1ce43d4c400b7a1e72908ed22c9fb3b
DMA	native	PASS	5ea75f556a7e24f0e0192d25281adea424f5a0e0f4c7c7b0632650782ad44fca	500b232df960630d1a0528307cbac24a0013192b0ab06fb8ad0700e52724e922
DNK	native	PASS	5ea75f556a7e24f0e0192d25281adea424f5a0e0f4c7c7b0632650782ad44fca	47f6f23ff09e0c23475e6a73e0943406c6489d98b746b789bce7ae1ef9fd978b
DOM	native	PASS	5ea75f556a7e24f0e0192d25281adea424f5a0e0f4c7c7b0632650782ad44fca	de68889b4166367c4f22be9447811936c54be8ef5a3ff5756b6e2865eae9a305
DZA	native	PASS	5ea75f556a7e24f0e0192d25281adea424f5a0e0f4c7c7b0632650782ad44fca	756d43d9630da9535794c85a5a512bf8e6de69ad2f99727e43dd3c8f9673df20
ECU	native	PASS	5ea75f556a7e24f0e0192d25281adea424f5a0e0f4c7c7b0632650782ad44fca	18597f102bdcacc225cb5b888aeea4ba6f0835a23cf446313f542d17937b5b63
EGY	native	PASS	5ea75f556a7e24f0e0192d25281adea424f5a0e0f4c7c7b0632650782ad44fca	36ee14e0a3f2a34c92ef3a53b3ef24701d8d3c9af5bd336bb53deca0b55ce486
ERI	native	PASS	5ea75f556a7e24f0e0192d25281adea424f5a0e0f4c7c7b0632650782ad44fca	5a3cedea88c059dd94092ce3d510f880ae79c34859b06fd276958308ebed8af8
ESH	native	PASS	5ea75f556a7e24f0e0192d25281adea424f5a0e0f4c7c7b0632650782ad44fca	76637637d57a4645d4d362c5a8e10591067aec6a4f271b58e009768526f614fc
ESP	native	PASS	5ea75f556a7e24f0e0192d25281adea424f5a0e0f4c7c7b0632650782ad44fca	7888b53e8560c3486db5332d196c723e3e85a00b5f170957dbbb3641f24d7613
EST	native	PASS	5ea75f556a7e24f0e0192d25281adea424f5a0e0f4c7c7b0632650782ad44fca	3f41561a84c6252eb41eecabee024a7000e529c4481ef0d0d63984ea6315c77a
ETH	native	PASS	5ea75f556a7e24f0e0192d25281adea424f5a0e0f4c7c7b0632650782ad44fca	305c1a879b5c65c9743fef320a54f1f2695e335b0e1e53e7b884a8c5c85afb56
FIN	native	PASS	5ea75f556a7e24f0e0192d25281adea424f5a0e0f4c7c7b0632650782ad44fca	c3e5346cf33d4b029eb65ca7a57e021456da4a7c8e231373ee798d1b91873baa
FJI	native	PASS	5ea75f556a7e24f0e0192d25281adea424f5a0e0f4c7c7b0632650782ad44fca	58126612b4991d9f61eeba030aa5643c75f3e9c58b5718dc95149f7417a0a6cf
FLK	native	PASS	5ea75f556a7e24f0e0192d25281adea424f5a0e0f4c7c7b0632650782ad44fca	8501768441ccc62b8f5ee55686886ede987118ede23b6dc872ae502e0a962699
FRA	native	PASS	5ea75f556a7e24f0e0192d25281adea424f5a0e0f4c7c7b0632650782ad44fca	ed63900ccaccbc5e757ed824935268485693f1388f1010b8d7e679245cfdd1b1
FRO	native	PASS	5ea75f556a7e24f0e0192d25281adea424f5a0e0f4c7c7b0632650782ad44fca	7a89ce88118639086c40ea98b04f314c737d5f922c0a1cdbe63b9dd0999c1963
FSM	native	PASS	5ea75f556a7e24f0e0192d25281adea424f5a0e0f4c7c7b0632650782ad44fca	94eec319a5280fb68bd435ad65e6e1601b871bfdea3eeeb0a5d08a0fb86cf955
GAB	native	PASS	5ea75f556a7e24f0e0192d25281adea424f5a0e0f4c7c7b0632650782ad44fca	222963050c86ee41a69ac45a777be50f63b45d070cb057e8b2895c79ba5badd9
GBR	native	PASS	5ea75f556a7e24f0e0192d25281adea424f5a0e0f4c7c7b0632650782ad44fca	4183b5c61d23644e2c20b0cde37dc94a284e44768ea46ad3256569a3b36d8b3f
GEO	native	PASS	5ea75f556a7e24f0e0192d25281adea424f5a0e0f4c7c7b0632650782ad44fca	965435291ee41789be6e437530cfde4a690ea3f3e23f96cdc284348fdc4959d9
GGY	native	PASS	5ea75f556a7e24f0e0192d25281adea424f5a0e0f4c7c7b0632650782ad44fca	fa24a3ad851d0318f6521462d907c151916e242319dac22159c4f6882b0c12fe
GHA	native	PASS	5ea75f556a7e24f0e0192d25281adea424f5a0e0f4c7c7b0632650782ad44fca	1c2104361eebadf7a562263fa22b0542f9035c1df1f0520414e697caf55d4b0c
GIB	native	PASS	5ea75f556a7e24f0e0192d25281adea424f5a0e0f4c7c7b0632650782ad44fca	b208e7ecf27f1f6ed21e795fcbdf93f4d9d85f48cdc1fb2355ea51b8351fba98
GIN	native	PASS	5ea75f556a7e24f0e0192d25281adea424f5a0e0f4c7c7b0632650782ad44fca	2936f8125c599ef6e08f68c37c51c5b6b52f5be66cb316275df66c079c642083
GLP	native	PASS	5ea75f556a7e24f0e0192d25281adea424f5a0e0f4c7c7b0632650782ad44fca	4ca33fa5352bbc634e390f69f3a7120b87e505f21788e396a85572ac26d4a2d3
GMB	native	PASS	5ea75f556a7e24f0e0192d25281adea424f5a0e0f4c7c7b0632650782ad44fca	5442d5aab443aa295a564a8ebbecdb3f164a435c93bee8e57eae0da8e2b0baaf
GNB	native	PASS	5ea75f556a7e24f0e0192d25281adea424f5a0e0f4c7c7b0632650782ad44fca	782dfe1539567fae39c2dc12edae3a4edfe498472a62dd6ed52469b5b52510dd
GNQ	native	PASS	5ea75f556a7e24f0e0192d25281adea424f5a0e0f4c7c7b0632650782ad44fca	9fe0d5580ce3d1bc6d7037c895573d9b59ac17cb43b928f1aade528a21ccb484
GRC	native	PASS	5ea75f556a7e24f0e0192d25281adea424f5a0e0f4c7c7b0632650782ad44fca	f09b2aa8c3c6ba00765cfb51716f9df7c70782c69c047903e2c4f4f89baf04f6
GRD	native	PASS	5ea75f556a7e24f0e0192d25281adea424f5a0e0f4c7c7b0632650782ad44fca	b45cc95c7c224057e752e5f402b50a4610de6d0e063e5f64a913369c40d9d892
GRL	native	PASS	5ea75f556a7e24f0e0192d25281adea424f5a0e0f4c7c7b0632650782ad44fca	c6c7734e2448d26cd2140376be8ee838da467e0d8871333f88bb3d60bf3cdf71
GTM	native	PASS	5ea75f556a7e24f0e0192d25281adea424f5a0e0f4c7c7b0632650782ad44fca	f900e35b4b226df7ed06657a7f7a607f063190fb0165b8f85d38c2d0cfd7824f
GUF	native	PASS	5ea75f556a7e24f0e0192d25281adea424f5a0e0f4c7c7b0632650782ad44fca	9bdbf66cd00d84243d69e015cacac4cba2ad525ffa4541c0c1bc53f9073bbb21
GUM	native	PASS	5ea75f556a7e24f0e0192d25281adea424f5a0e0f4c7c7b0632650782ad44fca	33ceb37ad7177954ede401ff4d4c7b02d24f5e50e851b16f9d583d167d5775b0
GUY	native	PASS	5ea75f556a7e24f0e0192d25281adea424f5a0e0f4c7c7b0632650782ad44fca	6886b8a9639fda680326410d138dcb6e5df286bd67526c413579b5f48f7f50e4
HKG	native	PASS	5ea75f556a7e24f0e0192d25281adea424f5a0e0f4c7c7b0632650782ad44fca	a709384e7cb15c6786b8428ba2121914f4aebe71b52774f1cec24726f85d198f
HKG/zh_Hans	native	PASS	5ea75f556a7e24f0e0192d25281adea424f5a0e0f4c7c7b0632650782ad44fca	b0769817fbec7e843c38c0ca97c9f9ccd48f378269aeb0db0a9f616037861419
HKG/zh_Hant	native	PASS	5ea75f556a7e24f0e0192d25281adea424f5a0e0f4c7c7b0632650782ad44fca	8c9e377c09936e9df87b3a90f724543c8798f9512ed896d3d1172213823a052c
HMD	native	PASS	5ea75f556a7e24f0e0192d25281adea424f5a0e0f4c7c7b0632650782ad44fca	66ac5b54a082f4d6d3b22e8329464298c81f910a7a126b3ca76e04340caffbf0
HND	native	PASS	5ea75f556a7e24f0e0192d25281adea424f5a0e0f4c7c7b0632650782ad44fca	6c01840573d921e538379475157429cccc4f69b6da7ae98b2ce57bc8cea113a3
HRV	native	PASS	5ea75f556a7e24f0e0192d25281adea424f5a0e0f4c7c7b0632650782ad44fca	40621de81dbd5ac596db71841438b9737e5aff608f419bd8696b151cf288d9d1
HTI	native	PASS	5ea75f556a7e24f0e0192d25281adea424f5a0e0f4c7c7b0632650782ad44fca	766383932221868a74b52395286ada2e867d223997cea1c292b070c085b0d306
HUN	native	PASS	5ea75f556a7e24f0e0192d25281adea424f5a0e0f4c7c7b0632650782ad44fca	8161d7c65b1df8c8fa13373bac0bc955850ce4893f47d9b9783b0c25c41f86cc
IDN	native	PASS	5ea75f556a7e24f0e0192d25281adea424f5a0e0f4c7c7b0632650782ad44fca	f279c6e89d7062647bf86e99108af998947f65fd3a5b1112beca4ecae61c26df
IMN	native	PASS	5ea75f556a7e24f0e0192d25281adea424f5a0e0f4c7c7b0632650782ad44fca	108cd3bb4a43320721d8f52d30272f25da5680278c1afb28e9670f067f90717c
IND	native	PASS	5ea75f556a7e24f0e0192d25281adea424f5a0e0f4c7c7b0632650782ad44fca	a548adfb4753ea65c78cc496d103dca9688160a40c99e3f56605604ddf29644a
IND/as_Beng	native	PASS	5ea75f556a7e24f0e0192d25281adea424f5a0e0f4c7c7b0632650782ad44fca	85e3b8d4c0f97791cce3e69d6311ad97c88806f79f866096b6e0e1c03a9b468f
IND/bn_Beng	native	PASS	5ea75f556a7e24f0e0192d25281adea424f5a0e0f4c7c7b0632650782ad44fca	2beccda461204377d9eb7fc383afe2f1cffd481a97df8c8ebb2c44c20ab6f2a7
IND/brx_Deva	native	PASS	5ea75f556a7e24f0e0192d25281adea424f5a0e0f4c7c7b0632650782ad44fca	4535288a06104a0c461c613539d7e024215bf7b877aef63bbdaa3493c65176ad
IND/doi_Deva	native	PASS	5ea75f556a7e24f0e0192d25281adea424f5a0e0f4c7c7b0632650782ad44fca	f9637407b4de3263a2d77076502f852d88296ad71dcb52dfb67273972590900f
IND/gu_Gujr	native	PASS	5ea75f556a7e24f0e0192d25281adea424f5a0e0f4c7c7b0632650782ad44fca	f124c46cfb720b4d65ba033c12bcdcbc6ce1646553f05edf278271d366803e06
IND/hi_Deva	native	PASS	5ea75f556a7e24f0e0192d25281adea424f5a0e0f4c7c7b0632650782ad44fca	08bccfeb65c568e03f9dffddd4bff051f16c585f82788e38bde6d61141fd720a
IND/kn_Knda	native	PASS	5ea75f556a7e24f0e0192d25281adea424f5a0e0f4c7c7b0632650782ad44fca	4b21ed44b4fbadfc492a4f4c5fe25832d3225e81fe3df6ed4d4910305146143d
IND/kok_Deva	native	PASS	5ea75f556a7e24f0e0192d25281adea424f5a0e0f4c7c7b0632650782ad44fca	662da0d1829a17fd052f0e8f6dce71513c7191a8aec5f88f57c8ac4d1376cd8c
IND/kok_Latn	native	PASS	5ea75f556a7e24f0e0192d25281adea424f5a0e0f4c7c7b0632650782ad44fca	7769aeb214b267a7d921b370de1639f77acd95ac264dfd26a04cf5b8e12f9c47
IND/ks_Arab	native	PASS	5ea75f556a7e24f0e0192d25281adea424f5a0e0f4c7c7b0632650782ad44fca	bf6b9dbf94d332dca31887660d3a96b164935e4aadabe5ebe9b907126de6ba85
IND/ks_Deva	native	PASS	5ea75f556a7e24f0e0192d25281adea424f5a0e0f4c7c7b0632650782ad44fca	d8b90ca827f359a6815241ed16cf3c7260e449f0123f14d8a04f4a3b1c8cfb77
IND/mai_Deva	native	PASS	5ea75f556a7e24f0e0192d25281adea424f5a0e0f4c7c7b0632650782ad44fca	55021bc50ea6ed76951e735922de8ca7026ce1f260ab1d8288bf276062d93912
IND/ml_Mlym	native	PASS	5ea75f556a7e24f0e0192d25281adea424f5a0e0f4c7c7b0632650782ad44fca	fb24187cceb18fcc275636f8f3a8c80241e51b4ed8c8985b08e9e03f6c2151cd
IND/mni_Beng	native	PASS	5ea75f556a7e24f0e0192d25281adea424f5a0e0f4c7c7b0632650782ad44fca	21ccd2c7af4a597a474ce2c1a78c2944160a3dbbd81b16c39270b93ac8de06c5
IND/mni_Mtei	native	PASS	5ea75f556a7e24f0e0192d25281adea424f5a0e0f4c7c7b0632650782ad44fca	ef5a49f0b8f5d1fd2ce73651b226c2dfef830b83d88f88397bd881d5929708da
IND/mr_Deva	native	PASS	5ea75f556a7e24f0e0192d25281adea424f5a0e0f4c7c7b0632650782ad44fca	963896d3977a7d8a5b5b3078f84dee29d0b763ae1efab7647bc73c261dc7ea87
IND/ne_Deva	native	PASS	5ea75f556a7e24f0e0192d25281adea424f5a0e0f4c7c7b0632650782ad44fca	8800280003ecf312ea0c74208b35effa0976abbac962db1e8430b90b2c05098b
IND/or_Orya	native	PASS	5ea75f556a7e24f0e0192d25281adea424f5a0e0f4c7c7b0632650782ad44fca	fb0a87977ceb1948fb5e0c24a835f5d623a45bf4a6103bf9e1f090769b8fa270
IND/pa_Arab	native	PASS	5ea75f556a7e24f0e0192d25281adea424f5a0e0f4c7c7b0632650782ad44fca	400bf96727fb6cf7e1893f64fe7c193f2b9ea9d95d1f75c07c5b47c25f2b5d0e
IND/pa_Guru	native	PASS	5ea75f556a7e24f0e0192d25281adea424f5a0e0f4c7c7b0632650782ad44fca	d13e05bf8c7d1fd93075975372fb76d70bf52cd4c89cf20915aca981f611e226
IND/sa_Deva	native	PASS	5ea75f556a7e24f0e0192d25281adea424f5a0e0f4c7c7b0632650782ad44fca	16c86dace05264f0faff6f7b914bba0596d3f1ab5c254ea0e964ec3b782bf33e
IND/sat_Beng	native	PASS	5ea75f556a7e24f0e0192d25281adea424f5a0e0f4c7c7b0632650782ad44fca	dc393c624c8a8e383ec8ffc9bdece72009ffce35a8d694c933423529110992b4
IND/sat_Deva	native	PASS	5ea75f556a7e24f0e0192d25281adea424f5a0e0f4c7c7b0632650782ad44fca	4d43b051f57f94bb073d04c9d237f6b68338e88a627b5758bd64c232ca33e22b
IND/sat_Olck	native	PASS	5ea75f556a7e24f0e0192d25281adea424f5a0e0f4c7c7b0632650782ad44fca	582454e1815c0d8b68bca80a4a10d737b04197149bf7281312b61d1a208257e2
IND/sd_Arab	native	PASS	5ea75f556a7e24f0e0192d25281adea424f5a0e0f4c7c7b0632650782ad44fca	57a3e39c4a682ec63a09105a9466424d64c215ccf40cad5bbe03ee90aecb8557
IND/sd_Deva	native	PASS	5ea75f556a7e24f0e0192d25281adea424f5a0e0f4c7c7b0632650782ad44fca	c5725ee0955b375c60700e8f04e169709d7d7b1a1dc34c5b2669a1359a44ea70
IND/ta_Taml	native	PASS	5ea75f556a7e24f0e0192d25281adea424f5a0e0f4c7c7b0632650782ad44fca	6dcfa2a0ee6ab057ee801e0533472adbc20aa82e4300b036ab77879491498a30
IND/te_Telu	native	PASS	5ea75f556a7e24f0e0192d25281adea424f5a0e0f4c7c7b0632650782ad44fca	7d6b1ad21a4ed5c77964aa6adf42f41debac5feec11a6dc595e8ce843043a2cb
IND/ur_Arab	native	PASS	5ea75f556a7e24f0e0192d25281adea424f5a0e0f4c7c7b0632650782ad44fca	f05532a8e1417d4aba081f694019469b7030243bb45560e7898f847a197e8975
IOT	native	PASS	5ea75f556a7e24f0e0192d25281adea424f5a0e0f4c7c7b0632650782ad44fca	7d4f97a5329a0aece0c0110044d5ef584d5740b6a16f6c975134eb1bb26bdf11
IRL	native	PASS	5ea75f556a7e24f0e0192d25281adea424f5a0e0f4c7c7b0632650782ad44fca	8a3c7317113b845335777b2ea12e6e0da720ede7927d1043846e6ae0bf317018
IRN	native	PASS	5ea75f556a7e24f0e0192d25281adea424f5a0e0f4c7c7b0632650782ad44fca	09c878720ef75728503e21262bc5a24bdea3b6f890aea8e04b0d94821e4396a4
IRQ	native	PASS	5ea75f556a7e24f0e0192d25281adea424f5a0e0f4c7c7b0632650782ad44fca	7f88e323125b3b7c055597934087d82221f05140e7c4ddd17684449f1842717b
ISL	native	PASS	5ea75f556a7e24f0e0192d25281adea424f5a0e0f4c7c7b0632650782ad44fca	0028b555ceac05aead99706e00173c422b4dd110233bf616f2686eb14f72a44a
ISR	native	PASS	5ea75f556a7e24f0e0192d25281adea424f5a0e0f4c7c7b0632650782ad44fca	819f0ea0deac30b742a3b50dff47a06d40d2976c1476ead43daa35eae3b74865
ITA	native	PASS	5ea75f556a7e24f0e0192d25281adea424f5a0e0f4c7c7b0632650782ad44fca	6244b4c2af1a653faaf6920c9a6b37bad4fc4ceea299ce0ca25eadf2f658541d
JAM	native	PASS	5ea75f556a7e24f0e0192d25281adea424f5a0e0f4c7c7b0632650782ad44fca	28d62c25ec42c670088de3856695913654767c18588c52933cc5822110ec5f0b
JEY	native	PASS	5ea75f556a7e24f0e0192d25281adea424f5a0e0f4c7c7b0632650782ad44fca	b87201930819260099cddf8b3ca3e6a83a35315f7f281b0c174ae51d027dc0ba
JOR	native	PASS	5ea75f556a7e24f0e0192d25281adea424f5a0e0f4c7c7b0632650782ad44fca	c364a7d220c1a6974223b205a51c45a487d314c5f6bdeaabbd3e11cd421a44ac
JPN	native	PASS	5ea75f556a7e24f0e0192d25281adea424f5a0e0f4c7c7b0632650782ad44fca	423c943f36a796865979c3c321c6ade5a9c201172a668fc061542288aaa9371e
JPN/ja_Hira	native	PASS	5ea75f556a7e24f0e0192d25281adea424f5a0e0f4c7c7b0632650782ad44fca	2f73a74b042f1ef9ca9af509eb4853f04e2a040c5b177d67c45509de28fd9acd
JPN/ja_Jpan	native	PASS	5ea75f556a7e24f0e0192d25281adea424f5a0e0f4c7c7b0632650782ad44fca	052b7df78b30b9c34844c9e8866f37a67ccb4546cb862dcee841e422fb844314
JPN/ja_Kana	native	PASS	5ea75f556a7e24f0e0192d25281adea424f5a0e0f4c7c7b0632650782ad44fca	bba5856dce07482fd3c89e7290c9fbd1d40513276d6960ade369312a4c03c42d
KAZ	native	PASS	5ea75f556a7e24f0e0192d25281adea424f5a0e0f4c7c7b0632650782ad44fca	61ee655aa9ff37550c2fed4dfd4a30e3b060cbe453d2b65470b2fb16e52b8848
KEN	native	PASS	5ea75f556a7e24f0e0192d25281adea424f5a0e0f4c7c7b0632650782ad44fca	7d90ffb8f1ced60d10a666ba804e62056a9f0654b210413c0d6566c71a3214c1
KGZ	native	PASS	5ea75f556a7e24f0e0192d25281adea424f5a0e0f4c7c7b0632650782ad44fca	a1019e5e5bfc911c621cf2f7a62b3010f7d61f17c0b82efa3db339ff977b548e
KHM	native	PASS	5ea75f556a7e24f0e0192d25281adea424f5a0e0f4c7c7b0632650782ad44fca	57480a7aa4c13569214782322ecd38eaf85efd601e6ad0a16d8867874e69a256
KIR	native	PASS	5ea75f556a7e24f0e0192d25281adea424f5a0e0f4c7c7b0632650782ad44fca	9ac0b148b6b4ef448564be666eb7b606243d1cf7def7c83a62447867527a10ca
KNA	native	PASS	5ea75f556a7e24f0e0192d25281adea424f5a0e0f4c7c7b0632650782ad44fca	09fc26783907434bae4b4cafe221ad7c7fb3f256470cd7a5fca6f4b03b29347a
KOR	native	PASS	5ea75f556a7e24f0e0192d25281adea424f5a0e0f4c7c7b0632650782ad44fca	a4f54a553dfd7e23e22dc73fd2c328b87261824a4639dca8e8a314af10d14f19
KWT	native	PASS	5ea75f556a7e24f0e0192d25281adea424f5a0e0f4c7c7b0632650782ad44fca	b8b92a919e13d6ec67971065351b484b557f2530490ab861c41c686300d7f3ab
LAO	native	PASS	5ea75f556a7e24f0e0192d25281adea424f5a0e0f4c7c7b0632650782ad44fca	60fde3d3d9ae066e206b26908e8235f4dd4864ab5efbdb308915fb6919e578e4
LBN	native	PASS	5ea75f556a7e24f0e0192d25281adea424f5a0e0f4c7c7b0632650782ad44fca	e81ea4648525ace70a524ba6dd93fe43be8e3a6fa1bde05475ebfa27b258d99a
LBR	native	PASS	5ea75f556a7e24f0e0192d25281adea424f5a0e0f4c7c7b0632650782ad44fca	46a4a2eeefdf1216e5de0882cd0cc531cf6dc64851d66b9efacaf2c699587a0a
LBY	native	PASS	5ea75f556a7e24f0e0192d25281adea424f5a0e0f4c7c7b0632650782ad44fca	fcbb2a190fc8dfdc076db3f476b72590fe8292e47f6871d054e1246ba891d668
LCA	native	PASS	5ea75f556a7e24f0e0192d25281adea424f5a0e0f4c7c7b0632650782ad44fca	e11d5b54add8d34eb3e1a4bbc4233ed7936c3b88b0629f33c0d52e3dc3739490
LIE	native	PASS	5ea75f556a7e24f0e0192d25281adea424f5a0e0f4c7c7b0632650782ad44fca	caad0426467b4c34327d23e3f4ac83d5e9c65de5cb1d0277a88df1dae124b058
LKA	native	PASS	5ea75f556a7e24f0e0192d25281adea424f5a0e0f4c7c7b0632650782ad44fca	c7eaa39bc71df43b9c9623da4118385a705981838cac46ad6f014690063901bd
LSO	native	PASS	5ea75f556a7e24f0e0192d25281adea424f5a0e0f4c7c7b0632650782ad44fca	bf51067c7798ddb8608193c5d065420a502e0ffd754b9b39a147091896b20f64
LTU	native	PASS	5ea75f556a7e24f0e0192d25281adea424f5a0e0f4c7c7b0632650782ad44fca	7e4616f560239da9767520c7f4bba8a918e273d8cf5795c75f9ff0fa97822a77
LUX	native	PASS	5ea75f556a7e24f0e0192d25281adea424f5a0e0f4c7c7b0632650782ad44fca	4f8e1e74a962f9148363f8a24bba791ca1bfa8873bdabac15b7f42ba25b53a64
LVA	native	PASS	5ea75f556a7e24f0e0192d25281adea424f5a0e0f4c7c7b0632650782ad44fca	8766cae452b304d03b0fd54bfd24c7ec84e9bf4f3c0bdba0bb2fde3f03fcf9a7
MAC	native	PASS	5ea75f556a7e24f0e0192d25281adea424f5a0e0f4c7c7b0632650782ad44fca	02cb21b5e4e2d2f602de1c96e028098daaa46690f739ea1d7ce7c90b5e0e4acb
MAC/zh_Hans	native	PASS	5ea75f556a7e24f0e0192d25281adea424f5a0e0f4c7c7b0632650782ad44fca	093eeda1090883fe1c712391c3c2bec07b191dae3cdba94ec9557ce14f92ba3d
MAC/zh_Hant	native	PASS	5ea75f556a7e24f0e0192d25281adea424f5a0e0f4c7c7b0632650782ad44fca	f4fbd13be87533d0e34ce9d9728184f5c4bdbbe2406102fe176011cedd4a5c18
MAF	native	PASS	5ea75f556a7e24f0e0192d25281adea424f5a0e0f4c7c7b0632650782ad44fca	8b8d699c04cc93b830b91c45920ba62e63c20fb8fc64661d2490ed05e5481b35
MAR	native	PASS	5ea75f556a7e24f0e0192d25281adea424f5a0e0f4c7c7b0632650782ad44fca	0645ebcae49094789c6531f590ab835b0dd1e82c2f6e41ce3ef5e5216f114b87
MCO	native	PASS	5ea75f556a7e24f0e0192d25281adea424f5a0e0f4c7c7b0632650782ad44fca	5b5881f2beec406dc560c87d8f5bd16a8d899cfc14dafef89f4e71d10fd48f86
MDA	native	PASS	5ea75f556a7e24f0e0192d25281adea424f5a0e0f4c7c7b0632650782ad44fca	2246673eb474c87058d177c4cb250bb4a1ed43bb33382b480300ab267c4d7642
MDG	native	PASS	5ea75f556a7e24f0e0192d25281adea424f5a0e0f4c7c7b0632650782ad44fca	863de45a87d622b15696be8ba545a0bd6257a782d6c3546353323de6e0b0f8c0
MDV	native	PASS	5ea75f556a7e24f0e0192d25281adea424f5a0e0f4c7c7b0632650782ad44fca	1e15468236a123249127f4471ba2a03714ff8900ebbe9ea0acb14a7ff24615cd
MEX	native	PASS	5ea75f556a7e24f0e0192d25281adea424f5a0e0f4c7c7b0632650782ad44fca	a2c8f6093e3132c62e6a8b6448abc061f5aa4d7472c2abaf72ea2e708761d697
MHL	native	PASS	5ea75f556a7e24f0e0192d25281adea424f5a0e0f4c7c7b0632650782ad44fca	e335d24da2e46236463eb493a6f4e24e8c7ae91e3d621856e92a37b8dd2c72e8
MKD	native	PASS	5ea75f556a7e24f0e0192d25281adea424f5a0e0f4c7c7b0632650782ad44fca	254abf77f2917b1a5d354c23fe36a3b3c6b2772df5ff795c87dc297442586443
MLI	native	PASS	5ea75f556a7e24f0e0192d25281adea424f5a0e0f4c7c7b0632650782ad44fca	8dd58de69f991e9f8b4d97e2096ba0b9b96a4fd8334a43039e80b4d94c25b0fa
MLT	native	PASS	5ea75f556a7e24f0e0192d25281adea424f5a0e0f4c7c7b0632650782ad44fca	dacce2d5eb85d53fe3b1fd1a56b812a676d373da7328f57953edea023a5f71b0
MMR	native	PASS	5ea75f556a7e24f0e0192d25281adea424f5a0e0f4c7c7b0632650782ad44fca	f21100535965325c56a8b2329e0ce1574af0fa8269699ceafe03de01520b9a1a
MNE	native	PASS	5ea75f556a7e24f0e0192d25281adea424f5a0e0f4c7c7b0632650782ad44fca	acfbf619f95d10c50a5bf0a4fff3cb839aa24fb6eb981ce6e4b4b11bbcefb99a
MNE/sr_Cyrl	native	PASS	5ea75f556a7e24f0e0192d25281adea424f5a0e0f4c7c7b0632650782ad44fca	2645d04a96899b3e4b047e6ede7b6bee317f682be05b9eadba0a167b7cd0b2cc
MNE/sr_Latn	native	PASS	5ea75f556a7e24f0e0192d25281adea424f5a0e0f4c7c7b0632650782ad44fca	c9f3f39b2b54738f0bae42a9b8a47da6018842c7c30d4fcacfc04d1ead038acd
MNG	native	PASS	5ea75f556a7e24f0e0192d25281adea424f5a0e0f4c7c7b0632650782ad44fca	eaf2719383b058abc5b802c1ccd9c33e5abde8592a391a499230066eb3907b78
MNP	native	PASS	5ea75f556a7e24f0e0192d25281adea424f5a0e0f4c7c7b0632650782ad44fca	26e16d7c08065ec22ddd4c1dc416debb57e6686bdf7c9c987b02e0400611162c
MOZ	native	PASS	5ea75f556a7e24f0e0192d25281adea424f5a0e0f4c7c7b0632650782ad44fca	36135671042958e0e4c5b69ab4ed1ad83fb32c53747adca30dfcceeda77cf629
MRT	native	PASS	5ea75f556a7e24f0e0192d25281adea424f5a0e0f4c7c7b0632650782ad44fca	d22ce6b3af9336365b9ff9a0f34403cb97461479ef9d30be30378cafa5aa0aef
MSR	native	PASS	5ea75f556a7e24f0e0192d25281adea424f5a0e0f4c7c7b0632650782ad44fca	75810aec849c4320b101465215253557d99af3ccf524fe6d1ec0f3934c749e0d
MTQ	native	PASS	5ea75f556a7e24f0e0192d25281adea424f5a0e0f4c7c7b0632650782ad44fca	3f7e9c969c1499a13b69efd81cc671798858a659f252db7064de7692147fd9f9
MUS	native	PASS	5ea75f556a7e24f0e0192d25281adea424f5a0e0f4c7c7b0632650782ad44fca	1977feceade8278b2b20570a32a3c09cd2f2d1a5a8e9c4936413496977c25ba2
MWI	native	PASS	5ea75f556a7e24f0e0192d25281adea424f5a0e0f4c7c7b0632650782ad44fca	dc04acf85c80baf692759d6a2eadfb6b9950b51b5d38f4effebfbfcf5757244c
MYS	native	PASS	5ea75f556a7e24f0e0192d25281adea424f5a0e0f4c7c7b0632650782ad44fca	23c865fe65692746b9f3e3c8086c89be2175a59d1eb06b0f96464e6f97bfbfcf
MYT	native	PASS	5ea75f556a7e24f0e0192d25281adea424f5a0e0f4c7c7b0632650782ad44fca	153f2b440b1515df6542f6b77405ab9a3c2d435e7ef39bfc9da6cb9451441bd5
NAM	native	PASS	5ea75f556a7e24f0e0192d25281adea424f5a0e0f4c7c7b0632650782ad44fca	8b708e1274fa9e87d1bc99a8227ffcc1785b03b21df00b1c6b51975cdd4afde1
NCL	native	PASS	5ea75f556a7e24f0e0192d25281adea424f5a0e0f4c7c7b0632650782ad44fca	277bf819a266414b3048165a33ad32892e8ab53a528c2d28c6855d7018459098
NER	native	PASS	5ea75f556a7e24f0e0192d25281adea424f5a0e0f4c7c7b0632650782ad44fca	fa84ccd15afd176807954af2f4be01e2cd15427ccc9809f01d599fdbb226f73d
NFK	native	PASS	5ea75f556a7e24f0e0192d25281adea424f5a0e0f4c7c7b0632650782ad44fca	c9f95a695cfc675c8b86fce559923e495fc0534dfdcf68825cb7ccef45c0b547
NGA	native	PASS	5ea75f556a7e24f0e0192d25281adea424f5a0e0f4c7c7b0632650782ad44fca	892698aacb23366627b15c04903d8335be1df0dadeff042fe7d61eff1ffb004c
NIC	native	PASS	5ea75f556a7e24f0e0192d25281adea424f5a0e0f4c7c7b0632650782ad44fca	3417c289edee32f3a2ea6bdc73037445b066cbd9db4fbdc2a64dfa92ea2c4ae6
NIU	native	PASS	5ea75f556a7e24f0e0192d25281adea424f5a0e0f4c7c7b0632650782ad44fca	9359fd80505b1d6d2e30cd382045b77523bfd33d0ff94b3061a7729044f07a0d
NLD	native	PASS	5ea75f556a7e24f0e0192d25281adea424f5a0e0f4c7c7b0632650782ad44fca	0110739f7d6b0f18eacca7de05f69cebb67bc1248881729214eb84e1fde0e2b1
NOR	native	PASS	5ea75f556a7e24f0e0192d25281adea424f5a0e0f4c7c7b0632650782ad44fca	c17d740ec614ba6c232b12d42c55a6a03b684f9482376271d6e762cd96775fcc
NPL	native	PASS	5ea75f556a7e24f0e0192d25281adea424f5a0e0f4c7c7b0632650782ad44fca	ca69a73bad357c7ed5c3c53014f6bf9dd79209a42a77df4283d03f97420a1611
NRU	native	PASS	5ea75f556a7e24f0e0192d25281adea424f5a0e0f4c7c7b0632650782ad44fca	1269959c0ae5e2f8cd757f3c8289193276c09bf2cf06e87f4a5746bbd4c9c182
NZL	native	PASS	5ea75f556a7e24f0e0192d25281adea424f5a0e0f4c7c7b0632650782ad44fca	7e9c59a57e5d1f18344b24cc85ca8de864a9858a96154316af7f90f00a818a3c
OMN	native	PASS	5ea75f556a7e24f0e0192d25281adea424f5a0e0f4c7c7b0632650782ad44fca	2e16047cdf8d74cc1d036b2a089ef31bf9976bfca685c5c4eb19892e56287a8c
PAK	native	PASS	5ea75f556a7e24f0e0192d25281adea424f5a0e0f4c7c7b0632650782ad44fca	69f15424f298327a5f0c4ab85cd19797931466e39394272837421d9d74e0d602
PAN	native	PASS	5ea75f556a7e24f0e0192d25281adea424f5a0e0f4c7c7b0632650782ad44fca	95d5659fb20c46632e5fad2620c0b359174aa5e111cab95f0f9976950f284d60
PCN	native	PASS	5ea75f556a7e24f0e0192d25281adea424f5a0e0f4c7c7b0632650782ad44fca	59d77248d6592f512a107ab22829668968c2c13bd04426200be2c4bca02e1660
PER	native	PASS	5ea75f556a7e24f0e0192d25281adea424f5a0e0f4c7c7b0632650782ad44fca	4c943a2a560dfbd97103c2ddf566e3bd980ad29371dc0859e0d6679e2448010c
PHL	native	PASS	5ea75f556a7e24f0e0192d25281adea424f5a0e0f4c7c7b0632650782ad44fca	663615a16333c8d09fcc6ec3e635ba69e9148c0ffd7af01922662c95fcc76a4d
PLW	native	PASS	5ea75f556a7e24f0e0192d25281adea424f5a0e0f4c7c7b0632650782ad44fca	a1dc8b00bd7e05563338d3df7dc20eceabf42363557c8dc03f3a85c9587129de
PNG	native	PASS	5ea75f556a7e24f0e0192d25281adea424f5a0e0f4c7c7b0632650782ad44fca	385e995183df5968556dc73e6ac15a8bcaf9dac481b5fed7152cec422c48b4f5
POL	native	PASS	5ea75f556a7e24f0e0192d25281adea424f5a0e0f4c7c7b0632650782ad44fca	b5f59740b9119f013cf746aacd23da2174bb1628ab6add734dad95cd7de43fd3
PRI	native	PASS	5ea75f556a7e24f0e0192d25281adea424f5a0e0f4c7c7b0632650782ad44fca	8962b251526b17b9cd4c64ea7693abbc442c2a8d39fba49e125d2529f7eb1672
PRK	native	PASS	5ea75f556a7e24f0e0192d25281adea424f5a0e0f4c7c7b0632650782ad44fca	c0d6578d08c2b9768e3edfc0aab9ffea84b6d814a823e7349237142714e5ada6
PRT	native	PASS	5ea75f556a7e24f0e0192d25281adea424f5a0e0f4c7c7b0632650782ad44fca	79fe67af9f24a09585d07931089aec2febff726646b8ce418428952bf6eb2ee5
PRY	native	PASS	5ea75f556a7e24f0e0192d25281adea424f5a0e0f4c7c7b0632650782ad44fca	2884c5cee0057d6e73757664cb55a00a3c9e328dd8ce3b4daac2668c78297d20
PSE	native	PASS	5ea75f556a7e24f0e0192d25281adea424f5a0e0f4c7c7b0632650782ad44fca	7d60fc7a0c640df62a66feff1e08a103dbde7da01c1230b9784b93f56873a860
PYF	native	PASS	5ea75f556a7e24f0e0192d25281adea424f5a0e0f4c7c7b0632650782ad44fca	eaa1a9a11582b0ac44dce64ee9fd032bf386392aeb849d91a426222ce2188ce0
QAT	native	PASS	5ea75f556a7e24f0e0192d25281adea424f5a0e0f4c7c7b0632650782ad44fca	5a6053813f5a7afef3c412425a0eacb4372d71494a8d11690af068518edb9b05
REU	native	PASS	5ea75f556a7e24f0e0192d25281adea424f5a0e0f4c7c7b0632650782ad44fca	3ea4efc5ed04dd22e35d654cfed1d2826065e7b216ca422a83279d099c8764ef
ROU	native	PASS	5ea75f556a7e24f0e0192d25281adea424f5a0e0f4c7c7b0632650782ad44fca	9c83e172ee065306aa80429f67580afe4c8ed8e3208cc64f7601cf9db4373ba4
RUS	native	PASS	5ea75f556a7e24f0e0192d25281adea424f5a0e0f4c7c7b0632650782ad44fca	3c98678d240e374c0bfa3b2799a15d9a5ddee294ccf76ba92ecdc8b0333bd180
RWA	native	PASS	5ea75f556a7e24f0e0192d25281adea424f5a0e0f4c7c7b0632650782ad44fca	f5bbeff983cf7d4ca953207d9c71878dd41a455a2b04365985fff21b3a299bb7
SAU	native	PASS	5ea75f556a7e24f0e0192d25281adea424f5a0e0f4c7c7b0632650782ad44fca	3c7aee96c6085e19dca33b83703df306c2103f1b1317707acbfe963b9ddaa669
SDN	native	PASS	5ea75f556a7e24f0e0192d25281adea424f5a0e0f4c7c7b0632650782ad44fca	586b96976ea7dbdd4fa93a5bb1346bc7b09e055ffe3cc10ec489916af0b03d5c
SEN	native	PASS	5ea75f556a7e24f0e0192d25281adea424f5a0e0f4c7c7b0632650782ad44fca	a0ae54c9e25f84ef676853d5cbaefe983885f0f7f3f312365127dc7a72813c2b
SGP	native	PASS	5ea75f556a7e24f0e0192d25281adea424f5a0e0f4c7c7b0632650782ad44fca	23e848e5dea59de18b8e8757d649726507fb755b2cd3208e55bafa5e7e99cca9
SGS	native	PASS	5ea75f556a7e24f0e0192d25281adea424f5a0e0f4c7c7b0632650782ad44fca	f3a29bf24b1876e393d12908c8363b270b54349cc1e7eec88cd9c92c1931e22d
SHN	native	PASS	5ea75f556a7e24f0e0192d25281adea424f5a0e0f4c7c7b0632650782ad44fca	574115fddb902d3387e15d0b4d5c4c0afab489223d70232c63aa2c5ac1de833b
SJM	native	PASS	5ea75f556a7e24f0e0192d25281adea424f5a0e0f4c7c7b0632650782ad44fca	a0ef097934b50b9033a1558c7c08eb43f0d5e50b76824369f154d9be94e713d9
SLB	native	PASS	5ea75f556a7e24f0e0192d25281adea424f5a0e0f4c7c7b0632650782ad44fca	d064a1a3d3aada93960c7394d77b1525331004fb529f19942228c804ad0fab87
SLE	native	PASS	5ea75f556a7e24f0e0192d25281adea424f5a0e0f4c7c7b0632650782ad44fca	6b5fd7f05fea9fa4d2770d7e776cd9f074c111280a6d5e7fa996485a05fbb881
SLV	native	PASS	5ea75f556a7e24f0e0192d25281adea424f5a0e0f4c7c7b0632650782ad44fca	ce0beb99aa7d97b89f949ac9de735b03eaf6fbb1e20fdf90d56cc5a0a21f59bf
SMR	native	PASS	5ea75f556a7e24f0e0192d25281adea424f5a0e0f4c7c7b0632650782ad44fca	bd5620edca4c8978195fd4cbb8ae6cb15ddd04cf0406eec8ddd383cc57785614
SOM	native	PASS	5ea75f556a7e24f0e0192d25281adea424f5a0e0f4c7c7b0632650782ad44fca	cfebc51f66625b0dcf249256ad8e7f4906f35097dcfe3f8e369a327343703366
SPM	native	PASS	5ea75f556a7e24f0e0192d25281adea424f5a0e0f4c7c7b0632650782ad44fca	b52f976b36140ceb9edcf1f22489504a3477f32b06e5c5a5b2784076d9c55d66
SRB	native	PASS	5ea75f556a7e24f0e0192d25281adea424f5a0e0f4c7c7b0632650782ad44fca	82750bad8356e8d8d249174a09cc1e104b90bedfb6d4cc7bbdc31c409e0cb3b0
SRB/sr_Cyrl	native	PASS	5ea75f556a7e24f0e0192d25281adea424f5a0e0f4c7c7b0632650782ad44fca	e0b8d552e2ab97827654409f4196a2f57a6e66c7b79ea0fa4de06b3e02662aa7
SRB/sr_Latn	native	PASS	5ea75f556a7e24f0e0192d25281adea424f5a0e0f4c7c7b0632650782ad44fca	e130a600f09eeccaae5ecb4bf343ec745b9f77b432f71ade6bcf9ca24fd14234
SSD	native	PASS	5ea75f556a7e24f0e0192d25281adea424f5a0e0f4c7c7b0632650782ad44fca	90e47409dfe081e836e519302a1a7569bc21fe2c0e56970bb461a7cb521cc28f
STP	native	PASS	5ea75f556a7e24f0e0192d25281adea424f5a0e0f4c7c7b0632650782ad44fca	8fa1558bc45029c304a1021b559664596cdea17ccfdabbb275d6e06ae0eb9a73
SUR	native	PASS	5ea75f556a7e24f0e0192d25281adea424f5a0e0f4c7c7b0632650782ad44fca	f2c4a47d1520c82182f4a2415cc262ab4b3100e3ab5ccb4dd53a9c8b81a6d77c
SVK	native	PASS	5ea75f556a7e24f0e0192d25281adea424f5a0e0f4c7c7b0632650782ad44fca	76ed908cad9832f22c2a7a9b49a9bd0e82699e8b841ea7e5db9da154f3616dc4
SVN	native	PASS	5ea75f556a7e24f0e0192d25281adea424f5a0e0f4c7c7b0632650782ad44fca	0c7dfe3c9958e45b6e536a6cbeb3013c1337c190a81f6b24f1a9e9e9197b6e5c
SWE	native	PASS	5ea75f556a7e24f0e0192d25281adea424f5a0e0f4c7c7b0632650782ad44fca	d45ac49c8e0eb6973916673d5314968c202d5ebb79263983c196bcec14bfbd60
SWZ	native	PASS	5ea75f556a7e24f0e0192d25281adea424f5a0e0f4c7c7b0632650782ad44fca	4708278ba69a1e3c82a994cf8facddc13e8879d42d93df4a4e254d470d636314
SXM	native	PASS	5ea75f556a7e24f0e0192d25281adea424f5a0e0f4c7c7b0632650782ad44fca	70f55686b5747844500080ad0f46a01b83b1df21820f1f76eeecd906ab8cb3c4
SYC	native	PASS	5ea75f556a7e24f0e0192d25281adea424f5a0e0f4c7c7b0632650782ad44fca	556f8b81b760181e6f8b98885ffa5f21f98b2727bb5d6187ecc2b95ab89202db
SYR	native	PASS	5ea75f556a7e24f0e0192d25281adea424f5a0e0f4c7c7b0632650782ad44fca	c0cbd7facdddc1fbdc2bdb8a911d9c6f1f10ba8404e85ac2eb2a13c49c98d790
TCA	native	PASS	5ea75f556a7e24f0e0192d25281adea424f5a0e0f4c7c7b0632650782ad44fca	a8bb7efe0db05d01aae34a103de3b8284055f5d0eeca2a91e6ce371eda8a5d29
TCD	native	PASS	5ea75f556a7e24f0e0192d25281adea424f5a0e0f4c7c7b0632650782ad44fca	c60bfed8b960d5e05ef59762554589652902630f291cbd5f5b22d1c093cb6cc8
TGO	native	PASS	5ea75f556a7e24f0e0192d25281adea424f5a0e0f4c7c7b0632650782ad44fca	2ab488a3ead5598a7b6beeb0662b9810d9a524ccdb6236b6b37bedaf3461b9b0
THA	native	PASS	5ea75f556a7e24f0e0192d25281adea424f5a0e0f4c7c7b0632650782ad44fca	95155444668618b6d97600878f01213e6279abc4a0300c91b450c91da5c54447
TJK	native	PASS	5ea75f556a7e24f0e0192d25281adea424f5a0e0f4c7c7b0632650782ad44fca	fb0699c2dc288950a7a7f76afeb287b0a054e6c8cf88e5b92ce67939c8f2cd0c
TKL	native	PASS	5ea75f556a7e24f0e0192d25281adea424f5a0e0f4c7c7b0632650782ad44fca	df1064c8b3b173ec79be853b7fe82ff0126d179d22ed941adcf4e96b383c1934
TKM	native	PASS	5ea75f556a7e24f0e0192d25281adea424f5a0e0f4c7c7b0632650782ad44fca	05e84c1ad929c3e1b842c5a36023c25952d630004973fc365a2bc7193859d0d8
TLS	native	PASS	5ea75f556a7e24f0e0192d25281adea424f5a0e0f4c7c7b0632650782ad44fca	696d655ab339e6008fe43a3313171981b1427d5dd4e86148ff4d907bcb7b16db
TON	native	PASS	5ea75f556a7e24f0e0192d25281adea424f5a0e0f4c7c7b0632650782ad44fca	66ec561ecd79bf5eb74f9345f8c1a8b182ea82aeb638bf46b6df0c3274e564ef
TTO	native	PASS	5ea75f556a7e24f0e0192d25281adea424f5a0e0f4c7c7b0632650782ad44fca	083a44e37332ee260dbab6028392498c52f4d42c4f4b65178954a1c069abb3c4
TUN	native	PASS	5ea75f556a7e24f0e0192d25281adea424f5a0e0f4c7c7b0632650782ad44fca	8d5a454c0c13201b31a5ba94ecfbf682a8eed37128fae5680083a842938ca474
TUR	native	PASS	5ea75f556a7e24f0e0192d25281adea424f5a0e0f4c7c7b0632650782ad44fca	34f5279a236994e08e890ea721288d404b7e93083e0c1bfad6cc42d76038f38d
TUV	native	PASS	5ea75f556a7e24f0e0192d25281adea424f5a0e0f4c7c7b0632650782ad44fca	cc301787cd9e508f1971f746a8ac08ebe052031ca2461739964015dc420375d2
TWN	native	PASS	5ea75f556a7e24f0e0192d25281adea424f5a0e0f4c7c7b0632650782ad44fca	07b3d512ba800e53727cae130831733afa463fa8f20e4205c6be09c1d3f0f071
TWN/zh_Hans	native	PASS	5ea75f556a7e24f0e0192d25281adea424f5a0e0f4c7c7b0632650782ad44fca	7abadf081581a10b958344655806be2eda5ed2e224c88a3d2647f2c1b3d2df8e
TWN/zh_Hant	native	PASS	5ea75f556a7e24f0e0192d25281adea424f5a0e0f4c7c7b0632650782ad44fca	1eb36e111c432c318054dd25c465276b06e814a0c8f35556b1f7a79325a83032
TZA	native	PASS	5ea75f556a7e24f0e0192d25281adea424f5a0e0f4c7c7b0632650782ad44fca	b858201300e653d0022a18c4dd16f4033801ed7cce237c36af9c61a46c5a79ce
UGA	native	PASS	5ea75f556a7e24f0e0192d25281adea424f5a0e0f4c7c7b0632650782ad44fca	a8daa384b0ca80f96bd1fec1ef4a8c2ae1a7ef491701b6b6144c7c99501ca8f3
UKR	native	PASS	5ea75f556a7e24f0e0192d25281adea424f5a0e0f4c7c7b0632650782ad44fca	39c314bc5bc276389416bb7b1d99f30de2c6c02991ce4755314402a4b3ba8a5f
UMI	native	PASS	5ea75f556a7e24f0e0192d25281adea424f5a0e0f4c7c7b0632650782ad44fca	4b86ca9b55f094898707749dbaf3a8ad4635bcb32d6fabffec3f890ade49548e
URY	native	PASS	5ea75f556a7e24f0e0192d25281adea424f5a0e0f4c7c7b0632650782ad44fca	5bace2e0ff1a896bb1fec2f9a5c4ab9958887c8d709bfdf38fc2f4be84cea8d5
USA	native	PASS	5ea75f556a7e24f0e0192d25281adea424f5a0e0f4c7c7b0632650782ad44fca	9923f29e66ce7d44496fd0c7c2bdcda1b401adcc60efca9c5cede270c9d9cf83
UZB	native	PASS	5ea75f556a7e24f0e0192d25281adea424f5a0e0f4c7c7b0632650782ad44fca	98f77d8eca1f60f61d3685ba7d958ab560daf13ea6788d7ff26ada2c841e66a0
VAT	native	PASS	5ea75f556a7e24f0e0192d25281adea424f5a0e0f4c7c7b0632650782ad44fca	e8bf87b0c70ffc77fcb18588ac0bf0254f2a369366644148aa51a9135c98af29
VCT	native	PASS	5ea75f556a7e24f0e0192d25281adea424f5a0e0f4c7c7b0632650782ad44fca	caabc99b6d1a7c60e58d70acf824f8613e78219630dfc41eb66dbb26e91aa489
VEN	native	PASS	5ea75f556a7e24f0e0192d25281adea424f5a0e0f4c7c7b0632650782ad44fca	9643b5b60cdb030df7c83c66a2d73c3125d2597a164e9edf914001b15f0359fe
VGB	native	PASS	5ea75f556a7e24f0e0192d25281adea424f5a0e0f4c7c7b0632650782ad44fca	04873163989910f6d653294129bd06082619be701a0ac9914de1db10cdb03ec6
VIR	native	PASS	5ea75f556a7e24f0e0192d25281adea424f5a0e0f4c7c7b0632650782ad44fca	0934dcf66e9b91731fe7fb88c66d8f4291f98f4dbcab389042248582572c3949
VNM	native	PASS	5ea75f556a7e24f0e0192d25281adea424f5a0e0f4c7c7b0632650782ad44fca	48840ae1db013d8338826c09109c1dc2e135b3c29a7b588ea78b36582841e32a
VUT	native	PASS	5ea75f556a7e24f0e0192d25281adea424f5a0e0f4c7c7b0632650782ad44fca	9c3b2aa9f3393b7667ec187aa3842d781953d3e88acf2f5fabf2d3402a79e4bd
WLF	native	PASS	5ea75f556a7e24f0e0192d25281adea424f5a0e0f4c7c7b0632650782ad44fca	cc5a466476a76b3eaadc525a354c9a4774a72b29f18ac707c0668dd0d8e02e35
WSM	native	PASS	5ea75f556a7e24f0e0192d25281adea424f5a0e0f4c7c7b0632650782ad44fca	7d610d522e4b4b64b6e8ae702573091cedcd135cc5b9ae04e20a45909701bf64
YEM	native	PASS	5ea75f556a7e24f0e0192d25281adea424f5a0e0f4c7c7b0632650782ad44fca	e270df21c7089db8b67c27056224086c3665d0c25535555db0109b1a3d0a0315
ZAF	native	PASS	5ea75f556a7e24f0e0192d25281adea424f5a0e0f4c7c7b0632650782ad44fca	3f6439a474b4345e2544b1e98455d38ab45a9d53a51df1cafafed75eb915080d
ZMB	native	PASS	5ea75f556a7e24f0e0192d25281adea424f5a0e0f4c7c7b0632650782ad44fca	75c4504c479cddb631ae329e345d790538f16156c51724b7058fe01a66ab6949
ZWE	native	PASS	5ea75f556a7e24f0e0192d25281adea424f5a0e0f4c7c7b0632650782ad44fca	8a7744b53d602b9625496fe784acf1015036404e1eab40122e85df5b301056d0
