original	compiler	native	status
Activate	Activate	Activate	pending-translation
ActivateAll	Activateall	ActivateAll	pending-translation
Active	Active	Active	pending-translation
ActiveInterruptManager	Activeinterruptmanager	ActiveInterruptManager	pending-translation
ActiveMemoryManager	Activememorymanager	ActiveMemoryManager	pending-translation
Add	Add	Add	pending-translation
AddDriver	Adddriver	AddDriver	pending-translation
AddRunnableThread	Addrunnablethread	AddRunnableThread	pending-translation
AddTask	Addtask	AddTask	pending-translation
AddThread	Addthread	AddThread	pending-translation
Address	Address	Address	pending-translation
AlignedMalloc	Alignedmalloc	AlignedMalloc	pending-translation
AlignmentCheck	Alignmentcheck	AlignmentCheck	pending-translation
AllocateBlock	Allocateblock	AllocateBlock	pending-translation
AllocatePID	Allocatepid	AllocatePID	pending-translation
AmountOfMemory	Amountofmemory	AmountOfMemory	pending-translation
ArrayToUint16	Arraytounsignedinteger16	ArrayToUint16	pending-translation
ArrayToUint32	Arraytounsignedinteger32	ArrayToUint32	pending-translation
ArrayToUint48	Arraytounsignedinteger48	ArrayToUint48	pending-translation
ArrayToUint48_BE	Arraytounsignedinteger48be	ArrayToUint48_BE	pending-translation
ArrayToUint64	Arraytounsignedinteger64	ArrayToUint64	pending-translation
Atime	Atime	Atime	pending-translation
AtimeNsec	Atimensec	AtimeNsec	pending-translation
BLOCKS_PER_BYTE	Blockperbyte	BLOCKS_PER_BYTE	pending-translation
BLOCK_SIZE	Blocksize	BLOCK_SIZE	pending-translation
Backend	Backend	Backend	pending-translation
BaseAddr	Baseaddress	BaseAddr	pending-translation
Bind	Bind	Bind	pending-translation
Blksize	Blksize	Blksize	pending-translation
Blocked	Blocked	Blocked	pending-translation
BlockedState	Blockedstate	BlockedState	pending-translation
Blocks	Block	Blocks	pending-translation
BoundRangeExceeded	Boundrangeexceeded	BoundRangeExceeded	pending-translation
BroadcastMacAddress	Broadcastmacaddress	BroadcastMacAddress	pending-translation
BytesPerSector	Bytespersector	BytesPerSector	pending-translation
BytesToString	Bytestostring	BytesToString	pending-translation
Checksum	Checksum	Checksum	pending-translation
Clear	Clear	Clear	pending-translation
Clone	Clone	Clone	pending-translation
CloneAddressSpaceCOW	Cloneaddressspacecow	CloneAddressSpaceCOW	pending-translation
Connect	Connect	Connect	pending-translation
ContainsCoordinate	Containscoordinate	ContainsCoordinate	pending-translation
CopyPageFrameBlock	Copypageframeblock	CopyPageFrameBlock	pending-translation
CpuState	Cpustate	CpuState	pending-translation
Create	Create	Create	pending-translation
CreateFromData	Createfromdata	CreateFromData	pending-translation
CreateFromFunction	Createfromfunction	CreateFromFunction	pending-translation
CreatePtrFromFunction	Createpointerfromfunction	CreatePtrFromFunction	pending-translation
Cs	Cs	Cs	pending-translation
Ctime	Ctime	Ctime	pending-translation
CtimeNsec	Ctimensec	CtimeNsec	pending-translation
CurrentPID	Currentpid	CurrentPID	pending-translation
CurrentParentPID	Currentजनकpid	CurrentParentPID	pending-translation
Data	Data	Data	compatibility
Deactivate	Deactivate	Deactivate	pending-translation
Deactive	Deactive	Deactive	pending-translation
Decrement	Decrement	Decrement	pending-translation
Delete	Delete	Delete	pending-translation
DescriptorPrivilegeLevel	Descriptorprivilegelevel	DescriptorPrivilegeLevel	pending-translation
DescriptorType	Descriptortype	DescriptorType	pending-translation
Destroy	Destroy	Destroy	pending-translation
Dev	Dउपकरण	Dev	pending-translation
DeviceHasFunctions	Dउपकरणhasfunctions	DeviceHasFunctions	pending-translation
DeviceNotAvailable	Dउपकरणnotavailable	DeviceNotAvailable	pending-translation
Device_id	Dउपकरणid	Device_id	pending-translation
DisableInt	Disableint	DisableInt	pending-translation
Disconnect	Disconnect	Disconnect	pending-translation
DivideByZero	Dividebyzero	DivideByZero	pending-translation
DoHandleInterrupt	Dohandleinterrupt	DoHandleInterrupt	pending-translation
DoubleFault	Doublefault	DoubleFault	pending-translation
Draw	Draw	Draw	pending-translation
DriverManager	Drivermanager	DriverManager	pending-translation
Ds	Ds	Ds	pending-translation
Dynamic	Dynamic	Dynamic	pending-translation
E2BIG	E2big	E2BIG	pending-translation
EACCES	Eacces	EACCES	pending-translation
EADDRINUSE	Eaddrinuse	EADDRINUSE	pending-translation
EAFNOSUPPORT	Eafnosupport	EAFNOSUPPORT	pending-translation
EAGAIN	Eagain	EAGAIN	pending-translation
EBADF	Ebadf	EBADF	pending-translation
EBUSY	Ebusy	EBUSY	pending-translation
ECHILD	Echild	ECHILD	pending-translation
EEXIST	Eexist	EEXIST	pending-translation
EFAULT	Efault	EFAULT	pending-translation
EFBIG	Efbig	EFBIG	pending-translation
EINTR	Eintr	EINTR	pending-translation
EINVAL	Einval	EINVAL	pending-translation
EIO	Eio	EIO	pending-translation
EISDIR	Eisdir	EISDIR	pending-translation
EMFILE	Emfile	EMFILE	pending-translation
EMSGSIZE	Emsgsize	EMSGSIZE	pending-translation
ENETUNREACH	Enetunreach	ENETUNREACH	pending-translation
ENFILE	Enfile	ENFILE	pending-translation
ENODEV	Enodev	ENODEV	pending-translation
ENOENT	Enoent	ENOENT	pending-translation
ENOEXEC	Enoexec	ENOEXEC	pending-translation
ENOMEM	Enomem	ENOMEM	pending-translation
ENOSPC	Enospc	ENOSPC	pending-translation
ENOSYS	Enosys	ENOSYS	pending-translation
ENOTCONN	Enotconn	ENOTCONN	pending-translation
ENOTDIR	Enotdir	ENOTDIR	pending-translation
ENOTTY	Enotty	ENOTTY	pending-translation
EOPNOTSUPP	Eopnotsupp	EOPNOTSUPP	pending-translation
EPERM	Eperm	EPERM	pending-translation
EPROTONOSUPPORT	Eprotonosupport	EPROTONOSUPPORT	pending-translation
ERANGE	Erange	ERANGE	pending-translation
EROFS	Erofs	EROFS	pending-translation
ESPIPE	Espipe	ESPIPE	pending-translation
ESRCH	Esrch	ESRCH	pending-translation
Eax	Eax	Eax	pending-translation
Ebp	Ebp	Ebp	pending-translation
Ebx	Ebx	Ebx	pending-translation
Ecx	Ecx	Ecx	pending-translation
Edi	Edi	Edi	pending-translation
Edx	Edx	Edx	pending-translation
Eflags	Eflags	Eflags	pending-translation
Eip	Eip	Eip	pending-translation
Elf	Elf	Elf	pending-translation
Elf32Dyn	Elf32dyn	Elf32Dyn	pending-translation
Elf32Note	Elf32note	Elf32Note	pending-translation
Elf32Rel	Elf32rel	Elf32Rel	pending-translation
Elf32Rela	Elf32rela	Elf32Rela	pending-translation
Elf32Sym	Elf32sym	Elf32Sym	pending-translation
ElfHeader	Elfheader	ElfHeader	pending-translation
ElfProgramHeader	Elfprogramheader	ElfProgramHeader	pending-translation
ElfSectionHeader	Elfsectionheader	ElfSectionHeader	pending-translation
EnablePaging	Enablepaging	EnablePaging	pending-translation
Enabled	Enabled	Enabled	pending-translation
EntryNumber	Entrynumber	EntryNumber	pending-translation
EqualBytes	Equalbytes	EqualBytes	pending-translation
Es	Es	Es	pending-translation
Esi	Esi	Esi	pending-translation
Esp	Esp	Esp	pending-translation
FPUBuffer	Fpubuffer	FPUBuffer	pending-translation
FPUOffset	Fpuoffset	FPUOffset	pending-translation
Family	Family	Family	pending-translation
FileName	Filename	FileName	pending-translation
Fill	Fill	Fill	pending-translation
FillRectangle	Fillआयत	FillRectangle	pending-translation
First	First	First	pending-translation
FirstFree	Firstfree	FirstFree	pending-translation
FirstFreeSize	Firstfreesize	FirstFreeSize	pending-translation
Flags	Flags	Flags	pending-translation
FloatingPointException	Floatingpointexception	FloatingPointException	pending-translation
Flush	Flush	Flush	pending-translation
FlushTlsTable	Flushtlstable	FlushTlsTable	pending-translation
Focussable	Focussable	Focussable	pending-translation
Free	Free	Free	pending-translation
Fs	Fs	Fs	pending-translation
GB	Gb	GB	pending-translation
GDT_ENTRIES	Gdtentry	GDT_ENTRIES	pending-translation
GOT	Got	GOT	pending-translation
GPFException	Gpfexception	GPFException	pending-translation
GatewayIP	Gatewayip	GatewayIP	pending-translation
GdtAddressHigh	Gdtaddresshigh	GdtAddressHigh	pending-translation
GdtAddressLow	Gdtaddresslow	GdtAddressLow	pending-translation
GdtDescriptor	Gdtdescriptor	GdtDescriptor	pending-translation
GdtEntry	Gdtentry_2	GdtEntry	pending-translation
GdtSize	Gdtsize	GdtSize	pending-translation
GetAt	Getat	GetAt	pending-translation
GetBackend	Getbackend	GetBackend	pending-translation
GetBaseAddressRegister	Getbaseaddressregister	GetBaseAddressRegister	pending-translation
GetBitmaspSize	Getbitmaspsize	GetBitmaspSize	pending-translation
GetBytesFromPtr	Getbytesfrompointer	GetBytesFromPtr	pending-translation
GetCR0	Getcr0	GetCR0	pending-translation
GetCR2	Getcr2	GetCR2	pending-translation
GetCR3	Getcr3	GetCR3	pending-translation
GetCR4	Getcr4	GetCR4	pending-translation
GetColorIndex	Getcolorindex	GetColorIndex	pending-translation
GetDeviceDescriptor	Getउपकरणdescriptor	GetDeviceDescriptor	pending-translation
GetDriver	Getdriver	GetDriver	pending-translation
GetESP0	Getesp0	GetESP0	pending-translation
GetEntry	Getentry	GetEntry	pending-translation
GetFileSize	Getfilesize	GetFileSize	pending-translation
GetFocus	Getfocus	GetFocus	pending-translation
GetFrameBufferSegment	Getframebuffersegment	GetFrameBufferSegment	pending-translation
GetFuncPtrFromPtr	Getfuncpointerfrompointer	GetFuncPtrFromPtr	pending-translation
GetFunctionName	Getfunctionname	GetFunctionName	pending-translation
GetHandler	Gethandler	GetHandler	pending-translation
GetIPAddress	Getipaddress	GetIPAddress	pending-translation
GetMACAddress	Getmacaddress	GetMACAddress	pending-translation
GetMACFromCache	Getmacfromcache	GetMACFromCache	pending-translation
GetNextReadyThread	Getnextreadythread	GetNextReadyThread	pending-translation
GetNodeAt	Getnodeat	GetNodeAt	pending-translation
GetProvider	Providerget	GetProvider	pending-translation
GetSS0	Getss0	GetSS0	pending-translation
GetStr	Getstr	GetStr	pending-translation
GetUint32ArrayFromPtr	Getunsignedinteger32arrayfrompointer	GetUint32ArrayFromPtr	pending-translation
GetUintptrArrayFromPtr	Getunsignedintegerpointerarrayfrompointer	GetUintptrArrayFromPtr	pending-translation
GetValue	Getvalue	GetValue	pending-translation
GetValueInPageDir	Getvalueinpagedirectory	GetValueInPageDir	pending-translation
Gid	Gid	Gid	pending-translation
Gs	Gs	Gs	pending-translation
HandleException	Handleexception	HandleException	pending-translation
HandleFatalInterruptFrame	Handlefatalinterruptframe	HandleFatalInterruptFrame	pending-translation
HandleInterrupt	Handleinterrupt	HandleInterrupt	pending-translation
HandleInterrupt1	Handleinterrupt1	HandleInterrupt1	pending-translation
HandleUserDatagramProtocolMessage	Handleuserdatagramprotocolmessage	HandleUserDatagramProtocolMessage	pending-translation
IDT_DESC_PRESENT	Idtdescriptorpresent	IDT_DESC_PRESENT	pending-translation
IDT_INTERRUPT_GATE	Idtinterruptgate	IDT_INTERRUPT_GATE	pending-translation
IDriver	IDriver	IDriver	pending-translation
IEtherFrameHandler	IEthernetframehandler	IEtherFrameHandler	pending-translation
IInternetProtocolHandler	IInternetprotocolhandler	IInternetProtocolHandler	pending-translation
IInterruptHandler	IInterrupthandler	IInterruptHandler	pending-translation
IKeyboardEventHandler	IKeyboardeventhandler	IKeyboardEventHandler	pending-translation
IMouseEventHandler	IMouseeventhandler	IMouseEventHandler	pending-translation
IPCIControllerHandler	Ipcicontrollerhandler	IPCIControllerHandler	pending-translation
IPCache	Ipcache	IPCache	pending-translation
IP_BE	Ipnetworkbyteorder	IP_BE	pending-translation
IRawDataHandler	IRawdatahandler	IRawDataHandler	pending-translation
ITimerEventHandler	ITimereventhandler	ITimerEventHandler	pending-translation
IUserDatagramProtocolHandler	IUserdatagramprotocolhandler	IUserDatagramProtocolHandler	pending-translation
IUserDatagramProtocolSocket	IUserdatagramprotocolsocket	IUserDatagramProtocolSocket	pending-translation
IWidget	IWidget	IWidget	pending-translation
Identify	Identify	Identify	pending-translation
Increment	Increment	Increment	pending-translation
IndexOf	Indexof	IndexOf	pending-translation
Init	Init	Init	pending-translation
InitDriver	Initdriver	InitDriver	pending-translation
InitialThreadUserJump	Initialthreaduserjump	InitialThreadUserJump	pending-translation
Ino	Ino	Ino	pending-translation
Install	Install	Install	pending-translation
Interrupt	Interrupt	Interrupt	pending-translation
InterruptActive	Interruptactive	InterruptActive	pending-translation
InterruptDeactive	Interruptdeactive	InterruptDeactive	pending-translation
InterruptManager	Interruptmanager	InterruptManager	pending-translation
InterruptNumber	Interruptnumber	InterruptNumber	pending-translation
InvalidOpcode	Invalidopcode	InvalidOpcode	pending-translation
InvalidTSS	Invalidtss	InvalidTSS	pending-translation
IsKernel	Iskernel	IsKernel	pending-translation
IsPresent	Ispresent	IsPresent	pending-translation
IsUserSpace	Isuserspace	IsUserSpace	pending-translation
KB	Kb	KB	pending-translation
KCS_INDEX	Kcsindex	KCS_INDEX	pending-translation
KCS_SELECTOR	Kcsselector	KCS_SELECTOR	pending-translation
KDS_INDEX	Kdsindex	KDS_INDEX	pending-translation
KDS_SELECTOR	Kdsselector	KDS_SELECTOR	pending-translation
KERNEL_HEAP_START	Kernelheapstart	KERNEL_HEAP_START	pending-translation
KERNEL_VIRT_ADDR	Kernelvirtaddress	KERNEL_VIRT_ADDR	pending-translation
KGS_INDEX	Kgsindex	KGS_INDEX	pending-translation
KGS_SELECTOR	Kgsselector	KGS_SELECTOR	pending-translation
K핵심	KKernelEntry	KKernelEntry	compatibility
LIDT	Lidt	LIDT	pending-translation
Last	Last	Last	pending-translation
Len	Len	Len	compatibility
Limit	Limit	Limit	pending-translation
Link	Link	Link	pending-translation
LinkMap	Linkmap	LinkMap	pending-translation
LinkedList	Linkedlist	LinkedList	pending-translation
Listen	Listen	Listen	pending-translation
LoadElf	Loadelf	LoadElf	pending-translation
MAC	Mac	MAC	pending-translation
MAC0	Mac0	MAC0	pending-translation
MAC1	Mac1	MAC1	pending-translation
MAC2	Mac2	MAC2	pending-translation
MAC3	Mac3	MAC3	pending-translation
MAC4	Mac4	MAC4	pending-translation
MAC5	Mac5	MAC5	pending-translation
MACAddress0Port	Macaddress0port	MACAddress0Port	pending-translation
MACAddress2Port	Macaddress2port	MACAddress2Port	pending-translation
MACAddress4Port	Macaddress4port	MACAddress4Port	pending-translation
MACCache	Maccache	MACCache	pending-translation
MAX_QUEUE_SIZE	Maxqueuesize	MAX_QUEUE_SIZE	pending-translation
MB	Mb	MB	pending-translation
MBR	Mbr	MBR	pending-translation
MHex출력	MHexadecimalprint	MHex출력	pending-translation
MHex출력XY	MHexadecimalprintxy	MHex출력XY	pending-translation
MUint16출력	MUnsignedinteger16print	MUint16출력	pending-translation
MUint16출력XY	MUnsignedinteger16printxy	MUint16출력XY	pending-translation
MUint32출력	MUnsignedinteger32print	MUint32출력	pending-translation
MUint32출력XY	MUnsignedinteger32printxy	MUint32출력XY	pending-translation
MUint64출력	MUnsignedinteger64print	MUint64출력	pending-translation
MUint64출력XY	MUnsignedinteger64printxy	MUint64출력XY	pending-translation
Machine	Machine	Machine	pending-translation
MachineCheck	Machinecheck	MachineCheck	pending-translation
MakeRangePrivateWritable	Makerangeprivatewritable	MakeRangePrivateWritable	pending-translation
Malloc	Malloc	Malloc	pending-translation
MemCmp	Memcmp	MemCmp	pending-translation
MemCpy	Memcopy	MemCpy	pending-translation
MemMove	Memmove	MemMove	pending-translation
MemSet	Memset	MemSet	pending-translation
MemoryOper	Memoryoper	MemoryOper	pending-translation
Mode	Mode	Mode	pending-translation
ModelToScreen	Set_local_coordinates	ModelToScreen	pending-translation
Mtime	Mtime	Mtime	pending-translation
MtimeNsec	Mtimensec	MtimeNsec	pending-translation
MyHandleInterrupt	Myhandleinterrupt	MyHandleInterrupt	pending-translation
MyTest	Mytest	MyTest	pending-translation
M긴급로그Hex8	MEmergencyloghexadecimal8	M긴급로그Hex8	pending-translation
M긴급로그Uint32	MEmergencylogunsignedinteger32	M긴급로그Uint32	pending-translation
M긴급로그문자열	MEmergencylogstring	M긴급로그문자열	pending-translation
M직렬로그초기화	MSerialloginit	M직렬로그초기화	pending-translation
M출력	MPrint	M출력	pending-translation
M출력BytesXY	MPrintbytesxy	M출력BytesXY	pending-translation
M출력Hex	MPrinthexadecimal	M출력Hex	pending-translation
M출력Uint16	MPrintunsignedinteger16	M출력Uint16	pending-translation
M출력Uint32	MPrintunsignedinteger32	M출력Uint32	pending-translation
M출력XY	MPrintxy	M출력XY	pending-translation
M테스트	M테스트	M테스트	pending-translation
NMI	Nmi	NMI	pending-translation
New	New	New	pending-translation
NewInterruptHandler	Newinterrupthandler	NewInterruptHandler	pending-translation
Next	Next	Next	pending-translation
Nlink	Nlink	Nlink	pending-translation
Node	Node	Node	pending-translation
Nodename	Nodename	Nodename	pending-translation
OnEtherFrameReceived	Ethernetframereceivewhen	OnEtherFrameReceived	pending-translation
OnGetDriver	Ongetdriver	OnGetDriver	pending-translation
OnInternetProtocolReceived	Internetprotocolreceivewhen	OnInternetProtocolReceived	pending-translation
OnKeyDown	Onkeydown	OnKeyDown	pending-translation
OnKeyUp	Onkeyऊपर	OnKeyUp	pending-translation
OnMouseDown	Onmousedown	OnMouseDown	pending-translation
OnMouseMove	Onmousemove	OnMouseMove	pending-translation
OnMouseUp	Onmouseऊपर	OnMouseUp	pending-translation
OnRawDataReceived	Onrawdatareceive	OnRawDataReceived	pending-translation
OnTick	Ontick	OnTick	pending-translation
Overflow	Overflow	Overflow	pending-translation
P1LinkMap	PValue1linkmap	P1LinkMap	pending-translation
P2LinkMap	PValue2linkmap	P2LinkMap	pending-translation
P3LinkMap	PValue3linkmap	P3LinkMap	pending-translation
PAGE_COW	Pagecow	PAGE_COW	pending-translation
PAGE_FRAME	Pageframe	PAGE_FRAME	pending-translation
PAGE_PRESENT	Pagepresent	PAGE_PRESENT	pending-translation
PAGE_USER	Pageuser	PAGE_USER	pending-translation
PAGE_WRITABLE	Pagewritable	PAGE_WRITABLE	pending-translation
PAUSE_LOOP	Pauseloop	PAUSE_LOOP	pending-translation
PICMasterCommandPort	Primarypiccommandioport	PICMasterCommandPort	pending-translation
PICMasterDataPort	Primarypicdataioport	PICMasterDataPort	pending-translation
PICSlaveCommandPort	Secondarypiccommandioport	PICSlaveCommandPort	pending-translation
PICSlaveDataPort	Secondarypicdataioport	PICSlaveDataPort	pending-translation
PRESENT	Present	PRESENT	pending-translation
PRIV_KERNEL	Privkernel	PRIV_KERNEL	pending-translation
PRIV_USER	Privuser	PRIV_USER	pending-translation
PROC_USER_HEAP_SIZE	Procuserheapsize	PROC_USER_HEAP_SIZE	pending-translation
PageDirEntry	Pagedirectoryentry	PageDirEntry	pending-translation
PageDirectoryEntry	Pagedirectoryentry_2	PageDirectoryEntry	pending-translation
PageFault	Pagefault	PageFault	pending-translation
PageFaultException	Pagefaultexception	PageFaultException	pending-translation
PageRoundDown	Pagerounddown	PageRoundDown	pending-translation
PageRoundUp	Pageroundऊपर	PageRoundUp	pending-translation
PageTableEntry	Pagetableentry	PageTableEntry	pending-translation
Paging	Paging	Paging	pending-translation
ParentPid	Pजनकpid	ParentPid	pending-translation
Parse	Parse	Parse	pending-translation
Partition_id	Partitionid	Partition_id	pending-translation
PhyMemTest	Phymemtest	PhyMemTest	pending-translation
PhysicalMemoryManager	Physicalmemorymanager	PhysicalMemoryManager	pending-translation
Pid	Pid	Pid	pending-translation
Port	Port	Port	pending-translation
PortBase	Portbase	PortBase	pending-translation
PortInByte	Portinbyte	PortInByte	pending-translation
PortInDword	Portindword	PortInDword	pending-translation
PortInWord	Portinword	PortInWord	pending-translation
PortOutByte	Portoutbyte	PortOutByte	pending-translation
PortOutDword	Portoutdword	PortOutDword	pending-translation
PortOutWord	Portoutword	PortOutWord	pending-translation
PortReadByte	Portpadhnabyte	PortReadByte	pending-translation
PortReadDword	Portpadhnadword	PortReadDword	pending-translation
PortReadWord	Portpadhnaword	PortReadWord	pending-translation
PortWriteByte	Portlikhnabyte	PortWriteByte	pending-translation
PortWriteDword	Portlikhnadword	PortWriteDword	pending-translation
PortWriteWord	Portlikhnaword	PortWriteWord	pending-translation
Prev	Previous	Prev	pending-translation
PrevTSS	Previoustss	PrevTSS	pending-translation
PrimaryPartition	Primarypartition	PrimaryPartition	pending-translation
Print	Print	Print	pending-translation
PrintBytes	Printbytes	PrintBytes	pending-translation
PrintStr	Printstr	PrintStr	pending-translation
PrintTLS	Printtls	PrintTLS	pending-translation
PrintTest	Printtest	PrintTest	pending-translation
Process	Process	Process	pending-translation
ProcessHelper	Processhelper	ProcessHelper	pending-translation
ProcessPendingKeyboardEvents	Processpendingkeyboardevents	ProcessPendingKeyboardEvents	pending-translation
ProcessPendingMouseEvents	Processpendingmouseevents	ProcessPendingMouseEvents	pending-translation
PushAt	Insert_at_index	PushAt	pending-translation
PushBack	Append_to_list	PushBack	pending-translation
PushFront	Prepend_to_list	PushFront	pending-translation
PutPixel	Putpixel	PutPixel	pending-translation
PutPixelRGB	Putpixelrgb	PutPixelRGB	pending-translation
QUEUE_START_ADDR	Queuestartaddress	QUEUE_START_ADDR	pending-translation
Rdev	Rdev	Rdev	pending-translation
Read	Padhna	Vپَرُن	project-proposal
Read28	Padhna28	Read28	pending-translation
ReadFile	Padhnafile	ReadFile	pending-translation
ReadPartitions	Padhnapartition	ReadPartitions	pending-translation
Ready	Ready	Ready	pending-translation
Receive	Receive	Receive	pending-translation
Ref	Reference	Ref	pending-translation
Release	Release	Release	pending-translation
ReloadCR3	Reloadcr3	ReloadCR3	pending-translation
Remove	Remove	Remove	pending-translation
RemoveAt	Removeat	RemoveAt	pending-translation
RemoveThread	Removethread	RemoveThread	pending-translation
RemoveThreadAt	Removethreadat	RemoveThreadAt	pending-translation
RequestMacAddress	Requestmacaddress	RequestMacAddress	pending-translation
Reset	Reset	Reset	pending-translation
Resolve	Resolve	Resolve	pending-translation
ResolveCopyOnWriteFault	Resolvecopyonlikhnafault	ResolveCopyOnWriteFault	pending-translation
SCHEDULER_FREQUENCY	Schedulerfrequency	SCHEDULER_FREQUENCY	pending-translation
SEG_BIG_MODE	Segbigmode	SEG_BIG_MODE	pending-translation
SEG_EXEC	Segexec	SEG_EXEC	pending-translation
SEG_GRAN_4K_PAGE	Seggran4kpage	SEG_GRAN_4K_PAGE	pending-translation
SEG_GRAN_BYTE	Seggranbyte	SEG_GRAN_BYTE	pending-translation
SEG_KERNEL_CODE	Segkernelcode	SEG_KERNEL_CODE	pending-translation
SEG_KERNEL_DATA	Segkerneldata	SEG_KERNEL_DATA	pending-translation
SEG_KERNEL_GS	Segkernelgs	SEG_KERNEL_GS	pending-translation
SEG_NOEXEC	Segnoexec	SEG_NOEXEC	pending-translation
SEG_NORMAL	Segnormal	SEG_NORMAL	pending-translation
SEG_NORW	Segnorw	SEG_NORW	pending-translation
SEG_R	Segr	SEG_R	pending-translation
SEG_SYSTEM	Segsystem	SEG_SYSTEM	pending-translation
SEG_TASK_STATE	Segtaskstate	SEG_TASK_STATE	pending-translation
SEG_USER_CODE	Segusercode	SEG_USER_CODE	pending-translation
SEG_USER_DATA	Seguserdata	SEG_USER_DATA	pending-translation
SEG_USER_GS	Segusergs	SEG_USER_GS	pending-translation
SEG_W	Segw	SEG_W	pending-translation
SIMDFloatingPointException	Simdfloatingpointexception	SIMDFloatingPointException	pending-translation
SIZE	Size	SIZE	pending-translation
SYS_ACCESS	Sysaccess	SYS_ACCESS	pending-translation
SYS_BRK	Sysbrk	SYS_BRK	pending-translation
SYS_CHDIR	Syschdir	SYS_CHDIR	pending-translation
SYS_CLOSE	Sysclose	SYS_CLOSE	pending-translation
SYS_CREAT	Syscreat	SYS_CREAT	pending-translation
SYS_DUP	Sysdup	SYS_DUP	pending-translation
SYS_DUP2	Sysdup2	SYS_DUP2	pending-translation
SYS_EXECVE	Sysexecve	SYS_EXECVE	pending-translation
SYS_EXIT	Sysexit	SYS_EXIT	pending-translation
SYS_FCNTL	Sysfcntl	SYS_FCNTL	pending-translation
SYS_FORK	Sysfork	SYS_FORK	pending-translation
SYS_FSTAT	Sysfstat	SYS_FSTAT	pending-translation
SYS_FSYNC	Sysfsync	SYS_FSYNC	pending-translation
SYS_GETCWD	Sysgetcwd	SYS_GETCWD	pending-translation
SYS_GETEGID	Sysgetegid	SYS_GETEGID	pending-translation
SYS_GETEUID	Sysgeteuid	SYS_GETEUID	pending-translation
SYS_GETGID	Sysgetgid	SYS_GETGID	pending-translation
SYS_GETPID	Sysgetpid	SYS_GETPID	pending-translation
SYS_GETPPID	Sysgetppid	SYS_GETPPID	pending-translation
SYS_GETUID	Sysgetuid	SYS_GETUID	pending-translation
SYS_LSEEK	Syslseek	SYS_LSEEK	pending-translation
SYS_LSTAT	Syslstat	SYS_LSTAT	pending-translation
SYS_OPEN	Sysopen	SYS_OPEN	pending-translation
SYS_READ	Syspadhna	SYS_READ	pending-translation
SYS_RT_EXIT	Sysrtexit	SYS_RT_EXIT	pending-translation
SYS_SOCKETCALL	Syssocketcall	SYS_SOCKETCALL	pending-translation
SYS_STAT	Sysstat	SYS_STAT	pending-translation
SYS_SYNC	Syssync	SYS_SYNC	pending-translation
SYS_UNAME	Sysuname	SYS_UNAME	pending-translation
SYS_WAITPID	Syswaitpid	SYS_WAITPID	pending-translation
SYS_WRITE	Syslikhna	SYS_WRITE	pending-translation
Schedule	Schedule	Schedule	pending-translation
Scheduler	Scheduler	Scheduler	pending-translation
SchedulerData	Schedulerdata	SchedulerData	pending-translation
SegmentNotPresent	Segmentnotpresent	SegmentNotPresent	pending-translation
SelectDrivers	Selectdriver	SelectDrivers	pending-translation
Send	Send	Send	pending-translation
SendEchoRequest	Echorequestsend	SendEchoRequest	pending-translation
SendFrame	Framesend	SendFrame	pending-translation
SerialInit	Serialinit	SerialInit	pending-translation
SerialWriteByte	Seriallikhnabyte	SerialWriteByte	pending-translation
SetBackend	Setbackend	SetBackend	pending-translation
SetBit	Setbit	SetBit	pending-translation
SetBlockInPageDir	Setblockinpagedirectory	SetBlockInPageDir	pending-translation
SetBuffer	Setbuffer	SetBuffer	pending-translation
SetByteAtAddr	Setbyteataddress	SetByteAtAddr	pending-translation
SetByteInPageDir	Setbyteinpagedirectory	SetByteInPageDir	pending-translation
SetCR3	Setcr3	SetCR3	pending-translation
SetColor	Setcolor	SetColor	pending-translation
SetDescriptor	Setdescriptor	SetDescriptor	pending-translation
SetHandleInterruptFuction	Sethandleinterruptfuction	SetHandleInterruptFuction	pending-translation
SetHandler	Sethandler	SetHandler	pending-translation
SetIPAddress	Setipaddress	SetIPAddress	pending-translation
SetInterruptDescriptorTableEntry	Interruptdescriptortableentryset	SetInterruptDescriptorTableEntry	pending-translation
SetInterruptManager	Setinterruptmanager	SetInterruptManager	pending-translation
SetInterruptNumber	Setinterruptnumber	SetInterruptNumber	pending-translation
SetMode	Setmode	SetMode	pending-translation
SetNodeAt	Setnodeat	SetNodeAt	pending-translation
SetStack	Setstack	SetStack	pending-translation
SetTlsSegment	Settlssegment	SetTlsSegment	pending-translation
SetUint32AtAddr	Setunsignedinteger32ataddress	SetUint32AtAddr	pending-translation
SetUint32InPageDir	Setunsignedinteger32inpagedirectory	SetUint32InPageDir	pending-translation
SetUint8AtAddr	Setunsignedinteger8ataddress	SetUint8AtAddr	pending-translation
SharedMemoryRegion	Sharedmemoryregion	SharedMemoryRegion	pending-translation
Size	Size_2	Size	pending-translation
Spawn	Spawn	Spawn	pending-translation
Ss	Ss	Ss	pending-translation
Stack	Stack	Stack	pending-translation
StackSegmentFault	Stacksegmentfault	StackSegmentFault	pending-translation
Start_lba	Startlba	Start_lba	pending-translation
Started	Started	Started	pending-translation
StdinPutByte	Stdinputbyte	StdinPutByte	pending-translation
StopCurrentThread	Stopcurrentthread	StopCurrentThread	pending-translation
Stopped	Stopped	Stopped	pending-translation
SubnetMask	Subnetmask	SubnetMask	pending-translation
SupportMode	Supportmode	SupportMode	pending-translation
Sys_brk	Sysbrk_2	Sys_brk	pending-translation
Sys_close	Sysclose_2	Sys_close	pending-translation
Sys_exit	Sysexit_2	Sys_exit	pending-translation
Sys_getpid	Sysgetpid_2	Sys_getpid	pending-translation
Sys_mousemove	Sysmousemove	Sys_mousemove	pending-translation
Sys_open	Sysopen_2	Sys_open	pending-translation
Sys_printStr	Sysprintstr	Sys_printStr	pending-translation
Sys_printUint32	Sysprintunsignedinteger32	Sys_printUint32	pending-translation
Sys_printf	Sysprintf	Sys_printf	pending-translation
Sys_read	Syspadhna_2	Sys_read	pending-translation
Syscall	Syscall	Syscall	pending-translation
Sysname	Sysname	Sysname	pending-translation
TARPEtherFrameHandler	Arpethernetframehandler	TARPEtherFrameHandler	pending-translation
TARPMessage	Arpmessage	TARPMessage	pending-translation
TARPMessageBuffer	Arpmessagebuffer	TARPMessageBuffer	pending-translation
TARPProvider	Arpprovider	TARPProvider	pending-translation
TAdvancedTechnologyAttachment	TAdvancedtechnologyattachment	TAdvancedTechnologyAttachment	pending-translation
TArray	TArray	TArray	pending-translation
TBaseAddressRegister	TBaseaddressregister	TBaseAddressRegister	pending-translation
TBiosParameterBlock32	TBiosparameterblock32	TBiosParameterBlock32	pending-translation
TBufferDescriptor	TBufferdescriptor	TBufferDescriptor	pending-translation
TCOWFrameManager	Tcowframemanager	TCOWFrameManager	pending-translation
TCPUState	Tcpustate	TCPUState	pending-translation
TDefaultKeyboardEventHandler	TDefaultkeyboardeventhandler	TDefaultKeyboardEventHandler	pending-translation
TDefaultMouseEventHandler	TDefaultmouseeventhandler	TDefaultMouseEventHandler	pending-translation
TDefaultPCIControllerHandler	TDefaultpcicontrollerhandler	TDefaultPCIControllerHandler	pending-translation
TDefaultTimerEventHandler	TDefaulttimereventhandler	TDefaultTimerEventHandler	pending-translation
TDirectoryEntryFat32	TDirectoryentryfat32	TDirectoryEntryFat32	pending-translation
TDriverManager	TDrivermanager	TDriverManager	pending-translation
TEtherFrameHandler	TEthernetframehandler	TEtherFrameHandler	pending-translation
TEtherFrameHeader	TEthernetframeheader	TEtherFrameHeader	pending-translation
TEtherFrameHeaderBuffer	TEthernetframeheaderbuffer	TEtherFrameHeaderBuffer	pending-translation
TEtherFrameProvider	TEthernetframeprovider	TEtherFrameProvider	pending-translation
TEtherFrameRawDataHandler	TEthernetframerawdatahandler	TEtherFrameRawDataHandler	pending-translation
TGateDescriptor	TGatedescriptor	TGateDescriptor	pending-translation
THREAD_STACK_SIZE	Threadstacksize	THREAD_STACK_SIZE	pending-translation
TICMPHandler	Icmphandler	TICMPHandler	pending-translation
TIPEtherFrameHandler	Ipethernetframehandler	TIPEtherFrameHandler	pending-translation
TInitializationBlock	TInitializationblock	TInitializationBlock	pending-translation
TInternetControlMessageProtocol	TInternetcontrolmessageprotocol	TInternetControlMessageProtocol	pending-translation
TInternetControlMessageProtocolMessage	TInternetcontrolmessageprotocolmessage	TInternetControlMessageProtocolMessage	pending-translation
TInternetControlMessageProtocolMessageBuffer	TInternetcontrolmessageprotocolmessagebuffer	TInternetControlMessageProtocolMessageBuffer	pending-translation
TInternetProtocolHandler	TInternetprotocolhandler	TInternetProtocolHandler	pending-translation
TInternetProtocolProvider	TInternetprotocolprovider	TInternetProtocolProvider	pending-translation
TInternetProtocolV4Message	TInternetprotocolv4message	TInternetProtocolV4Message	pending-translation
TInternetProtocolV4MessageBuffer	TInternetprotocolv4messagebuffer	TInternetProtocolV4MessageBuffer	pending-translation
TInterruptDescriptorTablePointer	TInterruptdescriptortablepointer	TInterruptDescriptorTablePointer	pending-translation
TInterruptHandler	TInterrupthandler	TInterruptHandler	pending-translation
TInterruptManager	TInterruptmanager	TInterruptManager	pending-translation
TKeyboardDriver	TKeyboarddriver	TKeyboardDriver	pending-translation
TLS_START	Tlsstart	TLS_START	pending-translation
TMSDOSPartitionTable	Tmsdospartitiontable	TMSDOSPartitionTable	pending-translation
TMasterBootRecord	TMasterbootrecord	TMasterBootRecord	pending-translation
TMemoryChunk	TMemorychunk	TMemoryChunk	pending-translation
TMemoryManager	TMemorymanager	TMemoryManager	pending-translation
TMouseDriver	TMousedriver	TMouseDriver	pending-translation
TMyKeyboardEventHandler	TMykeyboardeventhandler	TMyKeyboardEventHandler	pending-translation
TMyMouseEventHandler	TMymouseeventhandler	TMyMouseEventHandler	pending-translation
TMyPCIControllerHandler	TMypcicontrollerhandler	TMyPCIControllerHandler	pending-translation
TPartitionTableEntry	TPartitiontableentry	TPartitionTableEntry	pending-translation
TPeripheralComponentInterconnectController	TPeripheralcomponentinterconnectcontroller	TPeripheralComponentInterconnectController	pending-translation
TPeripheralComponentInterconnectDeviceDescriptor	TPeripheralcomponentinterconnectउपकरणdescriptor	TPeripheralComponentInterconnectDeviceDescriptor	pending-translation
TPort	TPort	TPort	pending-translation
TPort16Bit	TPort16bit	TPort16Bit	pending-translation
TPort32Bit	TPort32bit	TPort32Bit	pending-translation
TPort8Bit	TPort8bit	TPort8Bit	pending-translation
TRawDataHandler	TRawdatahandler	TRawDataHandler	pending-translation
TSSEntry	Tssentry	TSSEntry	pending-translation
TSyscall	TSyscall	TSyscall	pending-translation
TTask	TTask	TTask	pending-translation
TThread	TThread	TThread	pending-translation
TThreadHelper	TThreadhelper	TThreadHelper	pending-translation
TTimerDriver	TTimerdriver	TTimerDriver	pending-translation
TUserDatagramProtocolHandler	TUserdatagramprotocolhandler	TUserDatagramProtocolHandler	pending-translation
TUserDatagramProtocolHeader	TUserdatagramprotocolheader	TUserDatagramProtocolHeader	pending-translation
TUserDatagramProtocolHeaderBuffer	TUserdatagramprotocolheaderbuffer	TUserDatagramProtocolHeaderBuffer	pending-translation
TUserDatagramProtocolProvider	TUserdatagramprotocolprovider	TUserDatagramProtocolProvider	pending-translation
TUserDatagramProtocolSocket	TUserdatagramprotocolsocket	TUserDatagramProtocolSocket	pending-translation
TVideoGraphicsArray	TVideographicsarray	TVideoGraphicsArray	pending-translation
TWidget	TWidget	TWidget	pending-translation
TWidgetMouseEventHandler	TWidgetmouseeventhandler	TWidgetMouseEventHandler	pending-translation
Tamd_am79c973	Tamdam79c973	Tamd_am79c973	pending-translation
Test	Test	Test	pending-translation
TestBit	Testbit	TestBit	pending-translation
TestPrint	Testprint	TestPrint	pending-translation
Thread	Thread	Thread	pending-translation
ThreadList	Threadlist	ThreadList	pending-translation
ThreadState	Threadstate	ThreadState	pending-translation
Threads	Threads	Threads	pending-translation
TlsSegments	Tlssegments	TlsSegments	pending-translation
TotalBlocks	Totalblock	TotalBlocks	pending-translation
Type	TypeValue	Type	pending-translation
TypeTest	Typetest	TypeTest	pending-translation
T공용서술자테이블	TShareddescriptortable	T공용서술자테이블	pending-translation
T공용서술자테이블_자료	TShareddescriptortabledata	T공용서술자테이블_자료	pending-translation
T작업관리자	TTaskmanager	T작업관리자	pending-translation
T조각설명자	TSegmentdescriptor	T조각설명자	pending-translation
T콘솔	TConsole	T콘솔	pending-translation
T함수1	TFunction1	T함수1	pending-translation
UDESC_32SEG	Udesc32seg	UDESC_32SEG	pending-translation
UDESC_CONTENTS	Udesccontents	UDESC_CONTENTS	pending-translation
UDESC_LIMIT_IN_PAGES	Udesclimitinpages	UDESC_LIMIT_IN_PAGES	pending-translation
UDESC_RX_ONLY	Udescrxonly	UDESC_RX_ONLY	pending-translation
UDESC_SEG_NOT_PRESENT	Udescsegnotpresent	UDESC_SEG_NOT_PRESENT	pending-translation
UDESC_USABLE	Udescusable	UDESC_USABLE	pending-translation
USER_STACK	Userstack	USER_STACK	pending-translation
USER_STACK_SIZE	Userstacksize	USER_STACK_SIZE	pending-translation
USER_STACK_TOP	Userstackउपर	USER_STACK_TOP	pending-translation
Uid	Uid	Uid	pending-translation
Uint16ToArray	Unsignedinteger16toarray	Uint16ToArray	pending-translation
Uint16ToArray_BE	Unsignedinteger16toarraybe	Uint16ToArray_BE	pending-translation
Uint16_R	Unsignedinteger16r	Uint16_R	pending-translation
Uint32ToArray	Unsignedinteger32toarray	Uint32ToArray	pending-translation
Uint32_R	Unsignedinteger32r	Uint32_R	pending-translation
Uint48ToArray	Unsignedinteger48toarray	Uint48ToArray	pending-translation
Uint48ToArray_BE	Unsignedinteger48toarraybe	Uint48ToArray_BE	pending-translation
Uint48_R	Unsignedinteger48r	Uint48_R	pending-translation
Uint64ToArray	Unsignedinteger64toarray	Uint64ToArray	pending-translation
Uint64_R	Unsignedinteger64r	Uint64_R	pending-translation
UnhandleInterrupt	Unhandleinterrupt	UnhandleInterrupt	pending-translation
UnsetBit	Toggle_allocation_bit	UnsetBit	pending-translation
UsedBlocks	Usedblock	UsedBlocks	pending-translation
UserDesc	Userdescriptor	UserDesc	pending-translation
UserStack	Userstack_2	UserStack	pending-translation
UserStackSize	Userstacksize_2	UserStackSize	pending-translation
Vendor_id	Vendorid	Vendor_id	pending-translation
Version	Version	Version	pending-translation
VirtTest	Virttest	VirtTest	pending-translation
Write	Likhna	Vلِکھُن	project-proposal
Write28	Likhna28	Write28	pending-translation
WriteRegisters	Likhnaregister	WriteRegisters	pending-translation
X	X	X	pending-translation
Y	Y	Y	pending-translation
Zero	Zero	Zero	pending-translation
ZeroBlockInPageDir	Zeroblockinpagedirectory	ZeroBlockInPageDir	pending-translation
a	a	a	pending-translation
aTime	aसमय	aTime	pending-translation
access	access	access	pending-translation
accessMode	accessmode	accessMode	pending-translation
ack	ack	ack	pending-translation
activeKeyboardDriver	activekeyboarddriver	activeKeyboardDriver	pending-translation
activeMouseDriver	activemousedriver	activeMouseDriver	pending-translation
addr	address	addr	pending-translation
addrPtr	addresspointer	addrPtr	pending-translation
address	address_2	address	pending-translation
addressError	addresserror	addressError	pending-translation
afInet	afinet	afInet	pending-translation
allocFD	allocatefd	allocFD	pending-translation
allocOpenFile	allocateopenfile	allocOpenFile	pending-translation
allocProcess	allocateprocess	allocProcess	pending-translation
allocateSocket	allocatesocket	allocateSocket	pending-translation
allocated	allocated	allocated	pending-translation
amd_am79c973	amdam79c973	amd_am79c973	pending-translation
args	arguments	args	pending-translation
argument	argument	argument	pending-translation
argumentPointers	argumentpointers	argumentPointers	pending-translation
arguments	arguments_2	arguments	pending-translation
arp	arp	arp	pending-translation
arpBuffer	arpbuffer	arpBuffer	pending-translation
arpMesgSize	arpmesgsize	arpMesgSize	pending-translation
arpProvider	arpprovider	arpProvider	pending-translation
arp콘솔	arpconsole	arp콘솔	pending-translation
array	array	array	pending-translation
ata	ata	ata	pending-translation
ata0s	ata0s	ata0s	pending-translation
attempts	attempts	attempts	pending-translation
attr	attribute	attr	pending-translation
attributeControllerIndexPort	attributecontrollerindexport	attributeControllerIndexPort	pending-translation
attributeControllerReadPort	attributecontrollerpadhnaport	attributeControllerReadPort	pending-translation
attributeControllerResetPort	attributecontrollerresetport	attributeControllerResetPort	pending-translation
attributeControllerWritePort	attributecontrollerlikhnaport	attributeControllerWritePort	pending-translation
attributes	attributes	attributes	pending-translation
aux	aux	aux	pending-translation
avail	available	avail	pending-translation
b	b	b	pending-translation
backend	backend	backend	pending-translation
backupFpRegs	backupfpregs	backupFpRegs	pending-translation
backupSector	backupsector	backupSector	pending-translation
bar	bar	bar	pending-translation
barNum	barnumber	barNum	pending-translation
bar_value	barvalue	bar_value	pending-translation
base	base	base	pending-translation
baseCode	basecode	baseCode	pending-translation
baseHigh	basehigh	baseHigh	pending-translation
baseLow	baselow	baseLow	pending-translation
baseMid	basemid	baseMid	pending-translation
base_addr_high	baseaddresshigh	base_addr_high	pending-translation
base_addr_low	baseaddresslow	base_addr_low	pending-translation
bh	bh	bh	pending-translation
bindEphemeral	bindephemeral	bindEphemeral	pending-translation
bindError	binderror	bindError	pending-translation
bios	bios	bios	pending-translation
bit	bit	bit	pending-translation
bitmap	bitmap	bitmap	pending-translation
bootSignature	bootsignature	bootSignature	pending-translation
bootable	bootable	bootable	pending-translation
bootloader	bootloader	bootloader	pending-translation
bound	bound	bound	pending-translation
bpb	bpb	bpb	pending-translation
bpbBytes	bpbbytes	bpbBytes	pending-translation
bpbPtr	bpbpointer	bpbPtr	pending-translation
buf	buffer	buf	pending-translation
buf1	buffer1	buf1	pending-translation
buf2	buffer2	buf2	pending-translation
buf3	buffer3	buf3	pending-translation
buf4	buffer4	buf4	pending-translation
buf6	buffer6	buf6	pending-translation
buffer	buffer_2	buffer	pending-translation
buffer1	buffer1_2	buffer1	pending-translation
buffer2	buffer2_2	buffer2	pending-translation
bufferAddr	bufferaddress	bufferAddr	pending-translation
bufferAddress	bufferaddress_2	bufferAddress	pending-translation
bufptr	bufferpointer	bufptr	pending-translation
bus	bus	bus	pending-translation
busControlRegisterDataPort	buscontrolregisterdataport	busControlRegisterDataPort	pending-translation
button	button	button	pending-translation
buttons	button_2	buttons	pending-translation
bytesPerSector	bytespersector	bytesPerSector	pending-translation
c	c	c	pending-translation
cDate	cdate	cDate	pending-translation
cTime	cसमय	cTime	pending-translation
cTimeTenth	cसमयtenth	cTimeTenth	pending-translation
call	call	call	pending-translation
candidate	candidate	candidate	pending-translation
cap	cap	cap	pending-translation
char	char	char	pending-translation
checked	checked	checked	pending-translation
checksum	checksum	checksum	pending-translation
child	child	child	pending-translation
childPID	childpid	childPID	pending-translation
childPageDir	childpagedirectory	childPageDir	pending-translation
chunk	chunk	chunk	pending-translation
class_id	classid	class_id	pending-translation
closeAllProcessFDs	closeallprocessfds	closeAllProcessFDs	pending-translation
closeOnExec	closeonexec	closeOnExec	pending-translation
closeProcessFD	closeprocessfd	closeProcessFD	pending-translation
code	code	code	pending-translation
code1Ptr	code1pointer	code1Ptr	pending-translation
code1ptr	code1pointer_2	code1ptr	pending-translation
code2Ptr	code2pointer	code2Ptr	pending-translation
code3Ptr	code3pointer	code3Ptr	pending-translation
codeSegment	codesegment	codeSegment	pending-translation
colorIndex	colorindex	colorIndex	pending-translation
colordepth	colordepth	colordepth	pending-translation
command	command	command	pending-translation
commandPort	commandport	commandPort	pending-translation
commandport	commandport_2	commandport	pending-translation
common	common	common	pending-translation
connected	connected	connected	pending-translation
console	console	console	pending-translation
controlPort	controlport	controlPort	pending-translation
copyExecVector	copyexecvector	copyExecVector	pending-translation
copyLength	copylength	copyLength	pending-translation
copyPageDir	copypagedirectory	copyPageDir	pending-translation
copyPath	copyपथ	copyPath	pending-translation
copySocketName	copysocketname	copySocketName	pending-translation
copyUtsField	copyutsfield	copyUtsField	pending-translation
count	count	count	pending-translation
count2	count2	count2	pending-translation
cowFrameManager	cowframemanager	cowFrameManager	pending-translation
cpu	cpu	cpu	pending-translation
cpustate	cpustate	cpustate	pending-translation
cr0	cr0	cr0	pending-translation
cr3	cr3	cr3	pending-translation
cr4	cr4	cr4	pending-translation
crtcDataPort	crtcdataport	crtcDataPort	pending-translation
crtcIndexPort	crtcindexport	crtcIndexPort	pending-translation
cs	cs	cs	pending-translation
currentRecvBuffer	currentrecvbuffer	currentRecvBuffer	pending-translation
currentSendBuffer	currentsendbuffer	currentSendBuffer	pending-translation
currentTask	currenttask	currentTask	pending-translation
currentThread	currentthread	currentThread	pending-translation
currentThreadIndex	currentthreadindex	currentThreadIndex	pending-translation
cursorHeight	cursorheight	cursorHeight	pending-translation
cursorStart	cursorstart	cursorStart	pending-translation
d_tag	dtag	d_tag	pending-translation
d_val_ptr	dvalpointer	d_val_ptr	pending-translation
data	data	data	pending-translation
dataBuf	databuffer	dataBuf	pending-translation
dataBytes	databytes	dataBytes	pending-translation
dataPointer	datapointer	dataPointer	pending-translation
dataPort	dataport	dataPort	pending-translation
dataStart	datastart	dataStart	pending-translation
databuffer	databuffer_2	databuffer	pending-translation
dataport	dataport_2	dataport	pending-translation
defaultKeyboardEventHandler	defaultkeyboardeventhandler	defaultKeyboardEventHandler	pending-translation
desc	descriptor	desc	pending-translation
description	description	description	pending-translation
destination	destination	destination	pending-translation
destinationAddress	destinationaddress	destinationAddress	pending-translation
destinationLength	destinationlength	destinationLength	pending-translation
dev	उपकरण	dev	pending-translation
device	उपकरण_2	device	pending-translation
deviceDescriptor	उपकरणdescriptor	deviceDescriptor	pending-translation
devicePort	उपकरणport	devicePort	pending-translation
diff	diff	diff	pending-translation
digits	digits	digits	pending-translation
dirent	dirent	dirent	pending-translation
direntBytes	direntbytes	direntBytes	pending-translation
direntPtr	direntpointer	direntPtr	pending-translation
discardProcess	discardprocess	discardProcess	pending-translation
dispatchInterrupt	dispatchinterrupt	dispatchInterrupt	pending-translation
divisor	divisor	divisor	pending-translation
domain	domain	domain	pending-translation
driveNumber	drivenumber	driveNumber	pending-translation
driver	driver	driver	pending-translation
driverManager	drivermanager	driverManager	pending-translation
drivercount	drivercount	drivercount	pending-translation
drv	driver_2	drv	pending-translation
ds	ds	ds	pending-translation
ds_segment	dssegment	ds_segment	pending-translation
dst	destination_2	dst	pending-translation
dstEntry	destinationentry	dstEntry	pending-translation
dstIP	destinationipaddress	dstIP	pending-translation
dstIP_BE	destinationipaddressnetworkbyteorder	dstIP_BE	pending-translation
dstMAC	destinationmacaddress	dstMAC	pending-translation
dstMAC_BE	destinationmacbe	dstMAC_BE	pending-translation
dstPageDir	destinationpagedirectory	dstPageDir	pending-translation
dstPort	destinationportnumber	dstPort	pending-translation
dstPt	destinationpt	dstPt	pending-translation
dstPtPtr	destinationptpointer	dstPtPtr	pending-translation
dstPtr	destinationpointer	dstPtr	pending-translation
dstptr	destinationpointer_2	dstptr	pending-translation
dynamic	dynamic	dynamic	pending-translation
e	e	e	pending-translation
e_ehsize	eehsize	e_ehsize	pending-translation
e_entry	eentry	e_entry	pending-translation
e_flags	eflags	e_flags	pending-translation
e_ident	eident	e_ident	pending-translation
e_machine	emachine	e_machine	pending-translation
e_phentsize	ephentsize	e_phentsize	pending-translation
e_phnum	ephnum	e_phnum	pending-translation
e_phoff	ephoff	e_phoff	pending-translation
e_shentsize	eshentsize	e_shentsize	pending-translation
e_shnum	eshnum	e_shnum	pending-translation
e_shoff	eshoff	e_shoff	pending-translation
e_shstrndx	eshstrndx	e_shstrndx	pending-translation
e_type	etype	e_type	pending-translation
e_version	eversion	e_version	pending-translation
eax	eax	eax	pending-translation
ebp	ebp	ebp	pending-translation
ebx	ebx	ebx	pending-translation
ecx	ecx	ecx	pending-translation
edi	edi	edi	pending-translation
edx	edx	edx	pending-translation
efHandler	efhandler	efHandler	pending-translation
eflags	eflags_2	eflags	pending-translation
eip	eip	eip	pending-translation
eipOffset	eipoffset	eipOffset	pending-translation
elf	elf	elf	pending-translation
elf0	elf0	elf0	pending-translation
elf2	elf2	elf2	pending-translation
elf3	elf3	elf3	pending-translation
elf4	elf4	elf4	pending-translation
elfHeader	elfheader	elfHeader	pending-translation
enabled	enabled	enabled	pending-translation
end	end	end	pending-translation
endOffset	endoffset	endOffset	pending-translation
end_cylinder	endcylinder	end_cylinder	pending-translation
end_head	endhead	end_head	pending-translation
end_sector	endsector	end_sector	pending-translation
ensureCurrentProcess	ensurecurrentprocess	ensureCurrentProcess	pending-translation
entry	entry	entry	pending-translation
entryPoint	entrypoint	entryPoint	pending-translation
entrypoint	entrypoint_2	entrypoint	pending-translation
environment	environment	environment	pending-translation
environmentPointers	environmentpointers	environmentPointers	pending-translation
err	err	err	pending-translation
errorPort	errorport	errorPort	pending-translation
es	es	es	pending-translation
esi	esi	esi	pending-translation
esp	esp	esp	pending-translation
esp0	esp0	esp0	pending-translation
esp1	esp1	esp1	pending-translation
esp2	esp2	esp2	pending-translation
etherFrameProvider	ethernetframeprovider	etherFrameProvider	pending-translation
etherType	ethernettype	etherType	pending-translation
etherType_BE	ethernettypebe	etherType_BE	pending-translation
etherframe	ethernetframe	etherframe	pending-translation
etherframePayload	ethernetframepayload	etherframePayload	pending-translation
except	except	except	pending-translation
exceptionCR0	exceptioncr0	exceptionCR0	pending-translation
exceptionCR2	exceptioncr2	exceptionCR2	pending-translation
exceptionCR3	exceptioncr3	exceptionCR3	pending-translation
exceptionFrameValue	exceptionframevalue	exceptionFrameValue	pending-translation
exceptionHasErrorCode	exceptionhaserrorcode	exceptionHasErrorCode	pending-translation
exceptionName	exceptionname	exceptionName	pending-translation
execVector	execvector	execVector	pending-translation
exists	exists	exists	pending-translation
exited	exited	exited	pending-translation
ext	ext	ext	pending-translation
extFlags	extflags	extFlags	pending-translation
extendedScanCode	extendedscancode	extendedScanCode	pending-translation
fDupFD	fdupfd	fDupFD	pending-translation
fGetFD	fgetfd	fGetFD	pending-translation
fGetFL	fgetfl	fGetFL	pending-translation
fSetFD	fsetfd	fSetFD	pending-translation
fSetFL	fsetfl	fSetFL	pending-translation
fat	fat	fat	pending-translation
fatCopies	fatcopy	fatCopies	pending-translation
fatInfo	fatinfo	fatInfo	pending-translation
fatOffsetInSectorForCurrentCluster	fatoffsetinsectorforcurrentcluster	fatOffsetInSectorForCurrentCluster	pending-translation
fatSectorCount	fatsectorcount	fatSectorCount	pending-translation
fatSectorForCurrentCluster	fatsectorforcurrentcluster	fatSectorForCurrentCluster	pending-translation
fatSize	fatsize	fatSize	pending-translation
fatStart	fatstart	fatStart	pending-translation
fatTypeLabel	fattypelabel	fatTypeLabel	pending-translation
fatVersion	fatversion	fatVersion	pending-translation
fatbuf	fatbuf	fatbuf	pending-translation
fatbuffer	fatbuffer	fatbuffer	pending-translation
faultAddr	faultaddress	faultAddr	pending-translation
fb	fb	fb	pending-translation
fbCurCol	fbcurrentcol	fbCurCol	pending-translation
fbCurLine	fbcurrentline	fbCurLine	pending-translation
fbHeight	fbheight	fbHeight	pending-translation
fbPhysAddr	fbphysaddress	fbPhysAddr	pending-translation
fbWidth	fbwidth	fbWidth	pending-translation
fd	fd	fd	pending-translation
fdCloexec	fdcloexec	fdCloexec	pending-translation
fdEntry	fdentry	fdEntry	pending-translation
fdFlags	fdflags	fdFlags	pending-translation
fdKindConsole	fdkindconsole	fdKindConsole	pending-translation
fdKindFat	fdkindfat	fdKindFat	pending-translation
fdKindNone	fdkindnone	fdKindNone	pending-translation
fdKindRootDir	fdkindrootdirectory	fdKindRootDir	pending-translation
fdKindSocket	fdkindsocket	fdKindSocket	pending-translation
fdKindStdin	fdkindstdin	fdKindStdin	pending-translation
fds	fds	fds	pending-translation
filePtr	filepointer	filePtr	pending-translation
fileSector	filesector	fileSector	pending-translation
fileSize	filesize	fileSize	pending-translation
filename	filename	filename	pending-translation
fillPosixStat	fillposixstat	fillPosixStat	pending-translation
findProcess	findprocess	findProcess	pending-translation
first	first	first	pending-translation
firstClusterHi	firstclusterhi	firstClusterHi	pending-translation
firstClusterLow	firstclusterlow	firstClusterLow	pending-translation
firstFileCluster	firstfilecluster	firstFileCluster	pending-translation
flags	flags	flags	pending-translation
flags2	flags2	flags2	pending-translation
flagsAndOffset	flagsandoffset	flagsAndOffset	pending-translation
flushIndex	flushindex	flushIndex	pending-translation
flushTlsTable	flushtlstable	flushTlsTable	pending-translation
flush_tss	flushtss	flush_tss	pending-translation
fn	fn	fn	pending-translation
foo	foo	foo	pending-translation
foundChild	foundchild	foundChild	pending-translation
frame	frame	frame	pending-translation
frameCount	framecount	frameCount	pending-translation
frameHeaderSize	frameheadersize	frameHeaderSize	pending-translation
free	free	free	pending-translation
freePort	freeport	freePort	pending-translation
frequency	frequency	frequency	pending-translation
fs	fs	fs	pending-translation
func1Val	func1val	func1Val	pending-translation
func2Val	func2val	func2Val	pending-translation
func3Val	func3val	func3Val	pending-translation
func_addr	funcaddress	func_addr	pending-translation
func_bytes	funcbytes	func_bytes	pending-translation
func_name	funcname	func_name	pending-translation
func_value	funcvalue	func_value	pending-translation
function	function	function	pending-translation
fxrstor	fxrstor	fxrstor	pending-translation
fxsave	fxsave	fxsave	pending-translation
g	g	g	pending-translation
g_320x200x256	g320x200x256	g_320x200x256	pending-translation
gate	gate	gate	pending-translation
gateData	gatedata	gateData	pending-translation
gatewayIP	gatewayip	gatewayIP	pending-translation
gdt	gdt	gdt	pending-translation
gdtDescriptor	gdtdescriptor	gdtDescriptor	pending-translation
gdtEntry	gdtentry	gdtEntry	pending-translation
gdtTable	gdttable	gdtTable	pending-translation
gdtTableLen	gdttablelen	gdtTableLen	pending-translation
gdt_codeSegmentSelector	gdtcodesegmentselector	gdt_codeSegmentSelector	pending-translation
gdt_func	gdtfunc	gdt_func	pending-translation
getCR2	getcr2	getCR2	pending-translation
getCR3	getcr3	getCR3	pending-translation
getDescriptor	getdescriptor	getDescriptor	pending-translation
getESI	getesi	getESI	pending-translation
getESP	getesp	getESP	pending-translation
getGDT	getgdt	getGDT	pending-translation
getGS	getgs	getGS	pending-translation
getOpenFile	getopenfile	getOpenFile	pending-translation
getOpenFileFor	getopenfilefor	getOpenFileFor	pending-translation
getTLS	gettls	getTLS	pending-translation
globalDescriptorTable	globaldescriptortable	globalDescriptorTable	pending-translation
globalOffsetTable	globaloffsettable	globalOffsetTable	pending-translation
global_offset_table	globaloffsettable_2	global_offset_table	pending-translation
graphicsControllerDataPort	graphicscontrollerdataport	graphicsControllerDataPort	pending-translation
graphicsControllerIndexPort	graphicscontrollerindexport	graphicsControllerIndexPort	pending-translation
grub_multiboot_memory_map_t	grubmultibootmemorymapt	grub_multiboot_memory_map_t	pending-translation
gs	gs	gs	pending-translation
gs_segment	gssegment	gs_segment	pending-translation
h	h	h	pending-translation
haltAfterFatalException	haltafterfatalexception	haltAfterFatalException	pending-translation
handleInterrupt	handleinterrupt	handleInterrupt	pending-translation
handleKeyboardInterrupt	handlekeyboardinterrupt	handleKeyboardInterrupt	pending-translation
handleMouseInterrupt	handlemouseinterrupt	handleMouseInterrupt	pending-translation
handlePagingInterrupt	handlepaginginterrupt	handlePagingInterrupt	pending-translation
handleUnhandledSyscall	handleunhandledsyscall	handleUnhandledSyscall	pending-translation
handler	handler	handler	pending-translation
handlerAddressHighBits	handleraddresshighbits	handlerAddressHighBits	pending-translation
handlerAddressLowBits	handleraddresslowbits	handlerAddressLowBits	pending-translation
handlerRun	handlerrun	handlerRun	pending-translation
handlers	handler_2	handlers	pending-translation
hardwareAddressSize	hardwareaddresssize	hardwareAddressSize	pending-translation
hardwareInterruptOffset	hardwareinterruptoffset	hardwareInterruptOffset	pending-translation
hardwareType	hardwaretype	hardwareType	pending-translation
hd	hd	hd	pending-translation
head	head	head	pending-translation
headCount	headcount	headCount	pending-translation
headerLength	headerlength	headerLength	pending-translation
headertype	headertype	headertype	pending-translation
height	height	height	pending-translation
hex	hex	hex	pending-translation
hiddenSectors	hiddensectors	hiddenSectors	pending-translation
i	i	i	pending-translation
iCount	icount	iCount	pending-translation
iDrivers	idriver	iDrivers	pending-translation
iKeyboardEventHandler	ikeyboardeventhandler	iKeyboardEventHandler	pending-translation
iMouseEventHandler	imouseeventhandler	iMouseEventHandler	pending-translation
iPCIControllerHandler	ipcicontrollerhandler	iPCIControllerHandler	pending-translation
iRawDataHandler	irawdatahandler	iRawDataHandler	pending-translation
iTimerEventHandler	itimereventhandler	iTimerEventHandler	pending-translation
icmp	icmp	icmp	pending-translation
icmpSize	icmpsize	icmpSize	pending-translation
icmp콘솔	icmpconsole	icmp콘솔	pending-translation
id	id	id	pending-translation
ident	ident	ident	pending-translation
idtData	idtdata	idtData	pending-translation
idtPointer	idtpointer	idtPointer	pending-translation
idx	idx	idx	pending-translation
index	index	index	pending-translation
initBlock	initblock	initBlock	pending-translation
initFileDescriptors	initfiledescriptor	initFileDescriptors	pending-translation
initPIT	initpit	initPIT	pending-translation
initializeProcessFDs	initializeprocessfds	initializeProcessFDs	pending-translation
inode	inode	inode	pending-translation
inputEventTask	inputeventtask	inputEventTask	pending-translation
installIDT	installidt	installIDT	pending-translation
intNumber	intnumber	intNumber	pending-translation
interface_id	interfaceid	interface_id	pending-translation
internetprotocolPayload	internetprotocolpayload	internetprotocolPayload	pending-translation
interrupt	interrupt	interrupt	pending-translation
interruptDebug	interruptdebug	interruptDebug	pending-translation
interruptExitLoop	interruptexitloop	interruptExitLoop	pending-translation
interruptGateEntries	interruptgateentry	interruptGateEntries	pending-translation
interruptHandler	interrupthandler	interruptHandler	pending-translation
interrupts	interrupts	interrupts	pending-translation
iomap	iomap	iomap	pending-translation
ip	ip	ip	pending-translation
ipEtherFrameHandler	ipethernetframehandler	ipEtherFrameHandler	pending-translation
ipHandler	iphandler	ipHandler	pending-translation
ipIdx	ipidx	ipIdx	pending-translation
ipProtocolUDP	ipprotocoludp	ipProtocolUDP	pending-translation
ipProvider	ipprovider	ipProvider	pending-translation
ipSize	ipsize	ipSize	pending-translation
ip_be	ipnetworkbyteorder	ip_be	pending-translation
ipmessage	internetprotocolmessage	ipmessage	pending-translation
ipv4	ipv4	ipv4	pending-translation
ip콘솔	ipconsole	ip콘솔	pending-translation
isKernel	iskernel	isKernel	pending-translation
isRoot	isroot	isRoot	pending-translation
isRootPath	isrootपथ	isRootPath	pending-translation
isSharedPDE	issharedpde	isSharedPDE	pending-translation
istOffset	istoffset	istOffset	pending-translation
j	j	j	pending-translation
jmp	jmp	jmp	pending-translation
jmp_user	jmpuser	jmp_user	pending-translation
jump_usermode_iret	jumpusermodeiret	jump_usermode_iret	pending-translation
kPageDirEntry	kpagedirectoryentry	kPageDirEntry	pending-translation
kernelESP	kernelesp	kernelESP	pending-translation
kernelPageDirEntry	kernelpagedirectoryentry	kernelPageDirEntry	pending-translation
kernelSS	kernelss	kernelSS	pending-translation
key	key	key	pending-translation
keyboard	keyboard	keyboard	pending-translation
keyboardDriver	keyboarddriver	keyboardDriver	pending-translation
keyboardEventHandler	keyboardeventhandler	keyboardEventHandler	pending-translation
keyboardQueue	keyboardqueue	keyboardQueue	pending-translation
keyboardQueueRead	keyboardqueuepadhna	keyboardQueueRead	pending-translation
keyboardQueueSize	keyboardqueuesize	keyboardQueueSize	pending-translation
keyboardQueueWrite	keyboardqueuelikhna	keyboardQueueWrite	pending-translation
kind	kind	kind	pending-translation
l	l	l	pending-translation
last	last	last	pending-translation
lbaHiPort	lbahiport	lbaHiPort	pending-translation
lbaLowPort	lbalowport	lbaLowPort	pending-translation
lbaMidPort	lbamidport	lbaMidPort	pending-translation
ldt	ldt	ldt	pending-translation
leftShift	leftshift	leftShift	pending-translation
len	len	len	pending-translation
len_ver	lenver	len_ver	pending-translation
length	length	length	pending-translation
lengthAddress	lengthaddress	lengthAddress	pending-translation
lengthInBytes	lengthinbytes	lengthInBytes	pending-translation
length_high	lengthhigh	length_high	pending-translation
length_low	lengthlow	length_low	pending-translation
lengths	lengths	lengths	pending-translation
lib1Addr	lib1address	lib1Addr	pending-translation
lib1Data	lib1data	lib1Data	pending-translation
lib1File	lib1file	lib1File	pending-translation
lib1GOT	lib1got	lib1GOT	pending-translation
lib1elf	lib1elf	lib1elf	pending-translation
lib2Addr	lib2address	lib2Addr	pending-translation
lib2Data	lib2data	lib2Data	pending-translation
lib2File	lib2file	lib2File	pending-translation
lib2GOT	lib2got	lib2GOT	pending-translation
lib2elf	lib2elf	lib2elf	pending-translation
libLinkMap	liblinkmap	libLinkMap	pending-translation
lidtaddr	lidtaddr	lidtaddr	pending-translation
limit	limit	limit	pending-translation
limitHighAndFlags	limithighandflags	limitHighAndFlags	pending-translation
limitLow	limitlow	limitLow	pending-translation
linkMap	linkmap	linkMap	pending-translation
linkMapAddr	linkmapaddress	linkMapAddr	pending-translation
linkerAddr	linkeraddress	linkerAddr	pending-translation
linkerData	linkerdata	linkerData	pending-translation
linkerEntry	linkerentry	linkerEntry	pending-translation
linkerFile	linkerfile	linkerFile	pending-translation
list	list	list	pending-translation
listening	listening	listening	pending-translation
loader	loader	loader	pending-translation
local	local	local	pending-translation
localDatagramSocket	localdatagramsocket	localDatagramSocket	pending-translation
localIP	localip	localIP	pending-translation
localPort	localportnumber	localPort	pending-translation
localSockets	localsockets	localSockets	pending-translation
logicalAddress	logicaladdress	logicalAddress	pending-translation
macAddr	macaddress	macAddr	pending-translation
macIdx	macidx	macIdx	pending-translation
magicnumber	magicnumber	magicnumber	pending-translation
main	main	main	compatibility
mainThread	mukhyathread	mainThread	pending-translation
makePagePrivateWritableCurrent	makepageprivatewritablecurrent	makePagePrivateWritableCurrent	pending-translation
makeRangePrivateWritableCurrent	makerangeprivatewritablecurrent	makeRangePrivateWritableCurrent	pending-translation
manager	manager	manager	pending-translation
mask	mask	mask	pending-translation
master	master	master	pending-translation
matches	matches	matches	pending-translation
maxBARs	maxbars	maxBARs	pending-translation
maxDatagramSize	maxdatagramsize	maxDatagramSize	pending-translation
maxExecStringLength	maxexecstringlength	maxExecStringLength	pending-translation
maxExecVectorEntries	maxexecvectorentry	maxExecVectorEntries	pending-translation
maxFD	maxfd	maxFD	pending-translation
maxOpenFiles	maxopenfiles	maxOpenFiles	pending-translation
maxSocketPackets	maxsocketpackets	maxSocketPackets	pending-translation
maxSockets	maxsockets	maxSockets	pending-translation
maximumBlocks	maximumblock	maximumBlocks	pending-translation
mediaType	mediatype	mediaType	pending-translation
mem	mem	mem	pending-translation
memoryArray	memoryarray	memoryArray	pending-translation
memoryChunkSize	memorychunksize	memoryChunkSize	pending-translation
memoryManager	memorymanager	memoryManager	pending-translation
memoryOper	memoryoper	memoryOper	pending-translation
memorySize	memorysize	memorySize	pending-translation
memorymananger	memorymananger	memorymananger	pending-translation
memorytest	memorytest	memorytest	pending-translation
message	message	message	pending-translation
micsPort	micsport	micsPort	pending-translation
minimum	minimum	minimum	pending-translation
mode	mode	mode	pending-translation
mouseDriver	mousedriver	mouseDriver	pending-translation
mouseEventHandler	mouseeventhandler	mouseEventHandler	pending-translation
mouseVGA	mousevga	mouseVGA	pending-translation
mouseWidget	mousewidget	mouseWidget	pending-translation
msdospart	msdospartition	msdospart	pending-translation
msg	msg	msg	pending-translation
msgBuffer	msgbuffer	msgBuffer	pending-translation
multiboot_memory_map	multibootmemorymap	multiboot_memory_map	pending-translation
multitasking	multitasking	multitasking	pending-translation
myKeyboardEventHandler	mykeyboardeventhandler	myKeyboardEventHandler	pending-translation
myPCIControllerHandler	mypcicontrollerhandler	myPCIControllerHandler	pending-translation
myfunction	myfunction	myfunction	pending-translation
n	n	n	pending-translation
n_descsz	ndescsz	n_descsz	pending-translation
n_namesz	nnamesz	n_namesz	pending-translation
n_type	ntype	n_type	pending-translation
name	name	name	pending-translation
nameLen	namelen	nameLen	pending-translation
netCard	networkcard	netCard	pending-translation
newButtons	newbutton	newButtons	pending-translation
newFD	newfd	newFD	pending-translation
newFrame	newframe	newFrame	pending-translation
newLink	newlink	newLink	pending-translation
newNode	newnode	newNode	pending-translation
newPtr	newpointer	newPtr	pending-translation
next	next	next	pending-translation
nextEphemeralPort	nextephemeralport	nextEphemeralPort	pending-translation
nextFileCluster	nextfilecluster	nextFileCluster	pending-translation
nextHopIP_BE	nexthopipaddressnetworkbyteorder	nextHopIP_BE	pending-translation
nextNode	nextnode	nextNode	pending-translation
nextProcessID	nextprocessid	nextProcessID	pending-translation
nextThread	nextthread	nextThread	pending-translation
nibble	nibble	nibble	pending-translation
node	node	node	pending-translation
nodeArray	nodearray	nodeArray	pending-translation
num	number	num	pending-translation
numCacheEntries	numbercacheentry	numCacheEntries	pending-translation
numDrivers	numberdriver	numDrivers	pending-translation
numFunctions	numberfunctions	numFunctions	pending-translation
numRecvBuffers	numberrecvbuffer	numRecvBuffers	pending-translation
numSendBuffers	numbersendbuffer	numSendBuffers	pending-translation
numSockets	numbersockets	numSockets	pending-translation
numTasks	numbertasks	numTasks	pending-translation
oAppend	oappend	oAppend	pending-translation
oCreate	ocreate	oCreate	pending-translation
oDirectory	odirectory	oDirectory	pending-translation
oReadOnly	opadhnaonly	oReadOnly	pending-translation
oReadWrite	opadhnalikhna	oReadWrite	pending-translation
oTruncate	otruncate	oTruncate	pending-translation
oWriteOnly	olikhnaonly	oWriteOnly	pending-translation
o_addr	oaddress	o_addr	pending-translation
offset	offset	offset	pending-translation
ok	ok	ok	pending-translation
oldButtons	oldbutton	oldButtons	pending-translation
oldCR3	oldcr3	oldCR3	pending-translation
oldFD	oldfd	oldFD	pending-translation
oldFrame	oldframe	oldFrame	pending-translation
oldGdt	oldgdt	oldGdt	pending-translation
oldGdtAddr	oldgdtaddress	oldGdtAddr	pending-translation
oldGdtLen	oldgdtlen	oldGdtLen	pending-translation
openFileDescription	openfiledescription	openFileDescription	pending-translation
openFileTable	openfiletable	openFileTable	pending-translation
options	options	options	pending-translation
orgValue	orgvalue	orgValue	pending-translation
p	p	p	pending-translation
p1	p1	p1	pending-translation
p2	p2	p2	pending-translation
p_align	palign	p_align	pending-translation
p_backend	pbackend	p_backend	pending-translation
p_data	pdata	p_data	pending-translation
p_efHandler	pefhandler	p_efHandler	pending-translation
p_efProvider	pefprovider	p_efProvider	pending-translation
p_etherType	pethernettype	p_etherType	pending-translation
p_filesz	pfilesz	p_filesz	pending-translation
p_flags	pflags	p_flags	pending-translation
p_iHandler	pihandler	p_iHandler	pending-translation
p_ipHandler	piphandler	p_ipHandler	pending-translation
p_ipProvider	pipprovider	p_ipProvider	pending-translation
p_memsz	pmemsz	p_memsz	pending-translation
p_offset	poffset	p_offset	pending-translation
p_paddr	ppaddr	p_paddr	pending-translation
p_protocol	pprotocol	p_protocol	pending-translation
p_provider	pprovider	p_provider	pending-translation
p_str	pstr	p_str	pending-translation
p_type	ptype	p_type	pending-translation
p_udpHandler	pudphandler	p_udpHandler	pending-translation
p_udpProvider	pudpprovider	p_udpProvider	pending-translation
p_vaddr	pvaddr	p_vaddr	pending-translation
packet	packet	packet	pending-translation
packetStatus	packetstatus	packetStatus	pending-translation
packets	packets	packets	pending-translation
page	page	page	pending-translation
pageDir	pagedirectory	pageDir	pending-translation
pageDirEntry	pagedirectoryentry	pageDirEntry	pending-translation
pageTableEntry	pagetableentry	pageTableEntry	pending-translation
paging	paging	paging	pending-translation
param	param	param	pending-translation
params	परमस	params	pending-translation
parent	जनक	parent	pending-translation
parentPID	जनकpid	parentPID	pending-translation
parentProcess	जनकprocess	parentProcess	pending-translation
partEntry	partentry	partEntry	pending-translation
partition	partition	partition	pending-translation
partitionBytes	partitionbytes	partitionBytes	pending-translation
partitionOffset	partitionoffset	partitionOffset	pending-translation
path	पथ	path	pending-translation
pathAddr	पथaddress	pathAddr	pending-translation
pci	pci	pci	pending-translation
pciController	pcicontroller	pciController	pending-translation
pde	pde	pde	pending-translation
pdeAddr	pdeaddress	pdeAddr	pending-translation
pdelen	pdelen	pdelen	pending-translation
peer	peer	peer	pending-translation
pendingButtons	pendingbutton	pendingButtons	pending-translation
pendingMouseEvent	pendingmouseevent	pendingMouseEvent	pending-translation
pendingX	pendingx	pendingX	pending-translation
pendingY	pendingy	pendingY	pending-translation
phyaddr	phyaddr	phyaddr	pending-translation
phymem	physicalmemory	phymem	pending-translation
physicalAddress	physicaladdress	physicalAddress	pending-translation
pid	pid	pid	pending-translation
pitFrequency	pitfrequency	pitFrequency	pending-translation
pixelAddress	pixeladdress	pixelAddress	pending-translation
pointer	pointer	pointer	pending-translation
pollKeyboardScancode	pollkeyboardscancode	pollKeyboardScancode	pending-translation
port	port	port	pending-translation
portBase	portbase	portBase	pending-translation
portInUse	portinuse	portInUse	pending-translation
portnumber	portnumber	portnumber	pending-translation
pos	position	pos	pending-translation
position	position_2	position	pending-translation
posixStat	posixstat	posixStat	pending-translation
posixUtsname	posixutsname	posixUtsname	pending-translation
prefetchable	prefetchcapable	prefetchable	pending-translation
prev	previous	prev	pending-translation
prevNode	previousnode	prevNode	pending-translation
prevX	previousx	prevX	pending-translation
prevY	previousy	prevY	pending-translation
printESP	printesp	printESP	pending-translation
printExceptionSelectorInfo	printexceptionselectorinfo	printExceptionSelectorInfo	pending-translation
printPageFaultInfo	printpagefaultinfo	printPageFaultInfo	pending-translation
printreg	printreg	printreg	pending-translation
proc2	proc2	proc2	pending-translation
proc3	proc3	proc3	pending-translation
proc4	proc4	proc4	pending-translation
process	process	process	pending-translation
processEntry	processentry	processEntry	pending-translation
processHelper	processhelper	processHelper	pending-translation
processTable	processtable	processTable	pending-translation
processes	processes	processes	pending-translation
programBreak	programbreak	programBreak	pending-translation
protocol	protocol	protocol	pending-translation
protocolAddressSize	protocoladdresssize	protocolAddressSize	pending-translation
providedLength	providedlength	providedLength	pending-translation
provider	provider	provider	pending-translation
ps2WaitLimit	ps2waitlimit	ps2WaitLimit	pending-translation
pt	pt	pt	pending-translation
pte	pte	pte	pending-translation
pteAddr	pteaddress	pteAddr	pending-translation
ptr	pointer_2	ptr	pending-translation
pushExecUint32	pushexecunsignedinteger32	pushExecUint32	pending-translation
queueKeyboardByte	queuekeyboardbyte	queueKeyboardByte	pending-translation
r	r	r	pending-translation
r_addend	raddend	r_addend	pending-translation
r_info	rinfo	r_info	pending-translation
r_offset	roffset	r_offset	pending-translation
raw	raw	raw	pending-translation
rawDataBackend	rawdatabackend	rawDataBackend	pending-translation
readFile	padhnafile	readFile	pending-translation
readPS2Data	padhnaps2data	readPS2Data	pending-translation
readStdin	padhnastdin	readStdin	pending-translation
readVFSFile	padhnavfsfile	readVFSFile	pending-translation
read_count	padhnacount	read_count	pending-translation
receiver	receiver	receiver	pending-translation
recvBufferDescr	recvbufferdescription	recvBufferDescr	pending-translation
recvBufferDescrAddress	recvbufferdescriptionaddress	recvBufferDescrAddress	pending-translation
recvBuffers	recvbuffer	recvBuffers	pending-translation
recvBuffersDescrMemory	recvbufferdescriptionmemory	recvBuffersDescrMemory	pending-translation
refBytes	referencebytes	refBytes	pending-translation
refPtr	referencepointer	refPtr	pending-translation
refs	refs	refs	pending-translation
regIndex	regindex	regIndex	pending-translation
registerAddressPort	registeraddressport	registerAddressPort	pending-translation
registerDataPort	registerdataport	registerDataPort	pending-translation
registeroffset	registeroffset	registeroffset	pending-translation
registers	register	registers	pending-translation
regtype	regtype	regtype	pending-translation
rel_text	reltext	rel_text	pending-translation
rel_text_len	reltextlen	rel_text_len	pending-translation
releaseOpenFile	releaseopenfile	releaseOpenFile	pending-translation
released	released	released	pending-translation
reloadCR3	reloadcr3	reloadCR3	pending-translation
relocation_text	relocationtext	relocation_text	pending-translation
remaining	remaining	remaining	pending-translation
remote	remote	remote	pending-translation
remoteIP	remoteip	remoteIP	pending-translation
remotePort	remoteportnumber	remotePort	pending-translation
requested	requested	requested	pending-translation
reserved	reserved	reserved	pending-translation
reserved0	reserved0	reserved0	pending-translation
reservedSectors	reservedsectors	reservedSectors	pending-translation
resetPort	resetport	resetPort	pending-translation
restoreFpRegs	restorefpregs	restoreFpRegs	pending-translation
result	result	result	pending-translation
result1	result1	result1	pending-translation
result2	result2	result2	pending-translation
ret	ret	ret	pending-translation
revision	revision	revision	pending-translation
rightShift	rightshift	rightShift	pending-translation
rootCluster	rootcluster	rootCluster	pending-translation
rootDirEntries	rootdirectoryentry	rootDirEntries	pending-translation
rootStart	rootstart	rootStart	pending-translation
rt	rt	rt	pending-translation
s	s	s	pending-translation
sIfchr	sifchr	sIfchr	pending-translation
sIfdir	sifdir	sIfdir	pending-translation
sIfmt	sifmt	sIfmt	pending-translation
sIfreg	sifreg	sIfreg	pending-translation
sIfsock	sifsock	sIfsock	pending-translation
savedESP	savedesp	savedESP	pending-translation
sc	sc	sc	pending-translation
scanCode	scancode	scanCode	pending-translation
scanCodeToByte	scancodetobyte	scanCodeToByte	pending-translation
scancodeToByte	scancodetobyte_2	scancodeToByte	pending-translation
sche	sche	sche	pending-translation
sche_data	schedata	sche_data	pending-translation
scheduleStack	schedulestack	scheduleStack	pending-translation
scheduler	scheduler	scheduler	pending-translation
schedulerDebug	schedulerdebug	schedulerDebug	pending-translation
sectHeader	sectheader	sectHeader	pending-translation
sectHeaderSize	sectheadersize	sectHeaderSize	pending-translation
sectName	sectname	sectName	pending-translation
sectValue	sectvalue	sectValue	pending-translation
sector	sector	sector	pending-translation
sectorCountPort	sectorcountport	sectorCountPort	pending-translation
sectorNum	sectornumber	sectorNum	pending-translation
sectorOffset	sectoroffset	sectorOffset	pending-translation
sectorPerTrack	sectorpertrack	sectorPerTrack	pending-translation
sectorsPerCluster	sectorspercluster	sectorsPerCluster	pending-translation
seekCur	seekcurrent	seekCur	pending-translation
seekEnd	seekend	seekEnd	pending-translation
seekSet	seekset	seekSet	pending-translation
segmentNumber	segmentnumber	segmentNumber	pending-translation
self	self	self	pending-translation
self_uintptr	selfuintptr	self_uintptr	pending-translation
sendBack	reply	sendBack	pending-translation
sendBufferDescr	sendbufferdescription	sendBufferDescr	pending-translation
sendBufferDescrAddress	sendbufferdescriptionaddress	sendBufferDescrAddress	pending-translation
sendBuffers	sendbuffer	sendBuffers	pending-translation
sendBuffersDescrMemory	sendbufferdescriptionmemory	sendBuffersDescrMemory	pending-translation
sendDataPointer	senddatapointer	sendDataPointer	pending-translation
sendDescriptor	senddescriptor	sendDescriptor	pending-translation
sendMouseCommand	sendmousecommand	sendMouseCommand	pending-translation
sequencerDataPort	sequencerdataport	sequencerDataPort	pending-translation
sequencerIndexPort	sequencerindexport	sequencerIndexPort	pending-translation
serialLogByte	seriallogbyte	serialLogByte	pending-translation
serialReady	serialready	serialReady	pending-translation
setCR3	setcr3	setCR3	pending-translation
setDS	setds	setDS	pending-translation
setGS	setgs	setGS	pending-translation
setThreadExitLoopState	setthreadexitloopstate	setThreadExitLoopState	pending-translation
setupExecStack	setupexecstack	setupExecStack	pending-translation
sh	sh	sh	pending-translation
sh_addr	shaddress	sh_addr	pending-translation
sh_addralign	shaddralign	sh_addralign	pending-translation
sh_entsize	shentsize	sh_entsize	pending-translation
sh_flags	shflags	sh_flags	pending-translation
sh_info	shinfo	sh_info	pending-translation
sh_link	shlink	sh_link	pending-translation
sh_name	shname	sh_name	pending-translation
sh_offset	shoffset	sh_offset	pending-translation
sh_size	shsize	sh_size	pending-translation
sh_type	shtype	sh_type	pending-translation
shift	shift	shift	pending-translation
signature	signature	signature	pending-translation
size	size	size	pending-translation
sl	sl	sl	pending-translation
sockDatagram	sockdatagram	sockDatagram	pending-translation
socket	socket	socket	pending-translation
socketAddress	socketaddress	socketAddress	pending-translation
socketAddressIPv4	socketaddressipv4	socketAddressIPv4	pending-translation
socketBind	socketbind	socketBind	pending-translation
socketCallArgument	socketcallargument	socketCallArgument	pending-translation
socketConnect	socketconnect	socketConnect	pending-translation
socketForFD	socketforfd	socketForFD	pending-translation
socketIndex	socketindex	socketIndex	pending-translation
socketPacket	socketpacket	socketPacket	pending-translation
socketReceiveFrom	socketreceivefrom	socketReceiveFrom	pending-translation
socketSendTo	socketsendto	socketSendTo	pending-translation
socketType	sockettype	socketType	pending-translation
sockets	sockets	sockets	pending-translation
softName	softname	softName	pending-translation
source	source	source	pending-translation
sourceAddress	sourceaddress	sourceAddress	pending-translation
sourceLengthAddress	sourcelengthaddress	sourceLengthAddress	pending-translation
src	source_2	src	pending-translation
srcEntry	sourceentry	srcEntry	pending-translation
srcIP	sourceipaddress	srcIP	pending-translation
srcIP_BE	sourceipaddressnetworkbyteorder	srcIP_BE	pending-translation
srcMAC	sourcemacaddress	srcMAC	pending-translation
srcMAC_BE	sourcemacbe	srcMAC_BE	pending-translation
srcPageDir	sourcepagedirectory	srcPageDir	pending-translation
srcPde	sourcepde	srcPde	pending-translation
srcPdeAddr	sourcepdeaddress	srcPdeAddr	pending-translation
srcPort	sourceportnumber	srcPort	pending-translation
srcPt	sourcept	srcPt	pending-translation
srcptr	srcptr	srcptr	pending-translation
ss	ss	ss	pending-translation
ss0	ss0	ss0	pending-translation
ss1	ss1	ss1	pending-translation
ss2	ss2	ss2	pending-translation
st	st	st	pending-translation
st_info	stinfo	st_info	pending-translation
st_name	stname	st_name	pending-translation
st_other	stother	st_other	pending-translation
st_shndx	stshndx	st_shndx	pending-translation
st_size	stsize	st_size	pending-translation
st_value	stvalue	st_value	pending-translation
stack	stack	stack	pending-translation
stackBytes	stackbytes	stackBytes	pending-translation
stackPtr	stackpointer	stackPtr	pending-translation
stack_addr	stackaddress	stack_addr	pending-translation
stackbottom	stackbottom	stackbottom	pending-translation
stacktop	stacktop	stacktop	pending-translation
start	start	start	pending-translation
startOffset	startoffset	startOffset	pending-translation
start_cylinder	startcylinder	start_cylinder	pending-translation
start_head	starthead	start_head	pending-translation
start_sector	startsector	start_sector	pending-translation
startingBit	startingbit	startingBit	pending-translation
stat	stat	stat	pending-translation
statAddr	stataddress	statAddr	pending-translation
status	status	status	pending-translation
statusAddr	statusaddress	statusAddr	pending-translation
stderrFD	stderrfd	stderrFD	pending-translation
stdinBuffer	stdinbuffer	stdinBuffer	pending-translation
stdinFD	stdinfd	stdinFD	pending-translation
stdinGetBlocking	stdingetblocking	stdinGetBlocking	pending-translation
stdinRead	stdinpadhna	stdinRead	pending-translation
stdinWrite	stdinlikhna	stdinWrite	pending-translation
stdoutFD	stdoutfd	stdoutFD	pending-translation
stoppedThread	stoppedthread	stoppedThread	pending-translation
str	str	str	pending-translation
stringAddress	stringaddress	stringAddress	pending-translation
stringHeader	stringheader	stringHeader	pending-translation
strtab	strtab	strtab	pending-translation
subclass_id	subclassid	subclass_id	pending-translation
subnetMask	subnetmask	subnetMask	pending-translation
swapUint16	swapunsignedinteger16	swapUint16	pending-translation
switchForced	switchforced	switchForced	pending-translation
sysAccess	sysaccess	sysAccess	pending-translation
sysBrk	sysbrk	sysBrk	pending-translation
sysCall	syscall	sysCall	pending-translation
sysChdir	syschdir	sysChdir	pending-translation
sysClose	sysclose	sysClose	pending-translation
sysDup	sysdup	sysDup	pending-translation
sysDup2	sysdup2	sysDup2	pending-translation
sysExecve	sysexecve	sysExecve	pending-translation
sysExit	sysexit	sysExit	pending-translation
sysFcntl	sysfcntl	sysFcntl	pending-translation
sysFork	sysfork	sysFork	pending-translation
sysFstat	sysfstat	sysFstat	pending-translation
sysFsync	sysfsync	sysFsync	pending-translation
sysGetcwd	sysgetcwd	sysGetcwd	pending-translation
sysLseek	syslseek	sysLseek	pending-translation
sysOpen	sysopen	sysOpen	pending-translation
sysRead	syspadhna	sysRead	pending-translation
sysSocketCall	syssocketcall	sysSocketCall	pending-translation
sysStat	sysstat	sysStat	pending-translation
sysUname	sysuname	sysUname	pending-translation
sysWaitpid	syswaitpid	sysWaitpid	pending-translation
sysWrite	syslikhna	sysWrite	pending-translation
syscallError	syscallerror	syscallError	pending-translation
syscallID	syscallid	syscallID	pending-translation
systemcall	systemcall	systemcall	pending-translation
table	table	table	pending-translation
tableSize	tablesize	tableSize	pending-translation
tail	tail	tail	pending-translation
task	task	task	pending-translation
taskA	taska	taskA	pending-translation
taskB	taskb	taskB	pending-translation
taskC	taskc	taskC	pending-translation
taskD	taskd	taskD	pending-translation
taskD0	taskd0	taskD0	pending-translation
taskD1	taskd1	taskD1	pending-translation
taskManager	taskmanager	taskManager	pending-translation
tasks	tasks	tasks	pending-translation
temp	temporary	temp	pending-translation
terminated	terminated	terminated	pending-translation
text	text	text	pending-translation
textPtr	textpointer	textPtr	pending-translation
text_len	textlen	text_len	pending-translation
text_mode_check_fb_move	textmodecheckfbmove	text_mode_check_fb_move	pending-translation
text_mode_disable_cursor	textmodedisablecursor	text_mode_disable_cursor	pending-translation
text_mode_enable_cursor	textmodeenablecursor	text_mode_enable_cursor	pending-translation
text_mode_error_writer	textmodeerrorwriter	text_mode_error_writer	pending-translation
text_mode_flush_screen	textmodeflushscreen	text_mode_flush_screen	pending-translation
text_mode_init	textmodeinit	text_mode_init	pending-translation
text_mode_print	textmodeprint	text_mode_print	pending-translation
text_mode_print_bytes	textmodeprintbytes	text_mode_print_bytes	pending-translation
text_mode_print_char	textmodeprintchar	text_mode_print_char	pending-translation
text_mode_print_char_col	textmodeprintcharcol	text_mode_print_char_col	pending-translation
text_mode_print_col	textmodeprintcol	text_mode_print_col	pending-translation
text_mode_print_error	textmodeprinterror	text_mode_print_error	pending-translation
text_mode_print_error_bytes	textmodeprinterrorbytes	text_mode_print_error_bytes	pending-translation
text_mode_print_errorln	textmodeprinterrorln	text_mode_print_errorln	pending-translation
text_mode_print_hex	textmodeprinthex	text_mode_print_hex	pending-translation
text_mode_print_hex16	textmodeprinthex16	text_mode_print_hex16	pending-translation
text_mode_print_hex32	textmodeprinthex32	text_mode_print_hex32	pending-translation
text_mode_print_hex64	textmodeprinthex64	text_mode_print_hex64	pending-translation
text_mode_print_hex_char	textmodeprinthexchar	text_mode_print_hex_char	pending-translation
text_mode_println	textmodeprintln	text_mode_println	pending-translation
text_mode_println_col	textmodeprintlncol	text_mode_println_col	pending-translation
text_mode_update_cursor	textmodeupdatecursor	text_mode_update_cursor	pending-translation
text_mode_writer	textmodewriter	text_mode_writer	pending-translation
thr2	thr2	thr2	pending-translation
thr3	thr3	thr3	pending-translation
thr4	thr4	thr4	pending-translation
thread	thread	thread	pending-translation
threadExitLoop	threadexitloop	threadExitLoop	pending-translation
threadHelper	threadhelper	threadHelper	pending-translation
threadPtr	threadpointer	threadPtr	pending-translation
tickCount	tickcount	tickCount	pending-translation
timeDelta	समयdelta	timeDelta	pending-translation
timeToLive	समयtolive	timeToLive	pending-translation
timer	timer	timer	pending-translation
tls	tls	tls	pending-translation
tmp	tmp	tmp	pending-translation
tmpPtr	tmppointer	tmpPtr	pending-translation
tos	tos	tos	pending-translation
totalLength	totallength	totalLength	pending-translation
totalSectorCount	totalsectorcount	totalSectorCount	pending-translation
totalSectors	totalsectors	totalSectors	pending-translation
trap	trap	trap	pending-translation
tss	tss	tss	pending-translation
tssIndex	tssindex	tssIndex	pending-translation
udp	udp	udp	pending-translation
udpHandler	udphandler	udpHandler	pending-translation
udpHeaderSize	udpheadersize	udpHeaderSize	pending-translation
udpProvider	udpprovider	udpProvider	pending-translation
udp콘솔	udpconsole	udp콘솔	pending-translation
unused	unused	unused	pending-translation
used	used	used	pending-translation
usedBlocks	usedblock	usedBlocks	pending-translation
user1addr	user1address	user1addr	pending-translation
user1data	user1data	user1data	pending-translation
user1entry	user1entry	user1entry	pending-translation
user1file	user1file	user1file	pending-translation
user2addr	user2address	user2addr	pending-translation
user2data	user2data	user2data	pending-translation
user2entry	user2entry	user2entry	pending-translation
user2file	user2file	user2file	pending-translation
user3addr	user3address	user3addr	pending-translation
user3data	user3data	user3data	pending-translation
user3entry	user3entry	user3entry	pending-translation
user3file	user3file	user3file	pending-translation
userHeapBase	userheapbase	userHeapBase	pending-translation
userHeapLimit	userheaplimit	userHeapLimit	pending-translation
user_esp	useresp	user_esp	pending-translation
userhandler	userhandler	userhandler	pending-translation
userproc_entry	userprocentry	userproc_entry	pending-translation
util	util	util	pending-translation
util콘솔	utilconsole	util콘솔	pending-translation
v	v	v	pending-translation
vAddr	vaddress	vAddr	pending-translation
value	value	value	pending-translation
values	values	values	pending-translation
version	version	version	pending-translation
vga	vga	vga	pending-translation
virtlen	virtlen	virtlen	pending-translation
virtmem	virtualmemory	virtmem	pending-translation
virtualAddr	virtualaddress	virtualAddr	pending-translation
volumeId	volumeid	volumeId	pending-translation
volumeLabel	volumelabel	volumeLabel	pending-translation
w	w	w	pending-translation
wDate	wdate	wDate	pending-translation
wTime	wसमय	wTime	pending-translation
waitPS2InputEmpty	waitps2inputempty	waitPS2InputEmpty	pending-translation
waitPS2OutputFull	waitps2outputfull	waitPS2OutputFull	pending-translation
wdata	wdata	wdata	pending-translation
whence	whence	whence	pending-translation
widget	widget	widget	pending-translation
width	width	width	pending-translation
writePS2Command	likhnaps2command	writePS2Command	pending-translation
writePS2Data	likhnaps2data	writePS2Data	pending-translation
write_count	likhnacount	write_count	pending-translation
x	x	x	pending-translation
xPageDir	xpagedirectory	xPageDir	pending-translation
xPos	xposition	xPos	pending-translation
y	y	y	pending-translation
yPageDir	ypagedirectory	yPageDir	pending-translation
yPos	yposition	yPos	pending-translation
값	value_2	값	pending-translation
공용서술자테이블	shareddescriptortable	공용서술자테이블	pending-translation
기준	base_2	기준	pending-translation
기준_낮은	baselow_2	기준_낮은	pending-translation
기준_높은	basehigh_2	기준_높은	pending-translation
기준_매우높은	baseveryhigh	기준_매우높은	pending-translation
기준주소	baseaddress	기준주소	pending-translation
넷카드콘솔	networkcardconsole	넷카드콘솔	pending-translation
단말기	terminal	단말기	pending-translation
마우스콘솔	mouseconsole	마우스콘솔	pending-translation
매개값	argumentvalue	매개값	pending-translation
멈추기	halt	멈추기	pending-translation
목적	destination_3	목적	pending-translation
유형	typeValue	유형	pending-translation
이더넷콘솔	ethernetconsole	이더넷콘솔	pending-translation
인터럽트무시하기	interruptignore	인터럽트무시하기	pending-translation
인터럽트예외처리기	interruptexceptionhandler	인터럽트예외처리기	pending-translation
인터럽트예외처리기0x00	interruptexceptionhandler0x00	인터럽트예외처리기0x00	pending-translation
인터럽트예외처리기0x01	interruptexceptionhandler0x01	인터럽트예외처리기0x01	pending-translation
인터럽트예외처리기0x02	interruptexceptionhandler0x02	인터럽트예외처리기0x02	pending-translation
인터럽트예외처리기0x03	interruptexceptionhandler0x03	인터럽트예외처리기0x03	pending-translation
인터럽트예외처리기0x04	interruptexceptionhandler0x04	인터럽트예외처리기0x04	pending-translation
인터럽트예외처리기0x05	interruptexceptionhandler0x05	인터럽트예외처리기0x05	pending-translation
인터럽트예외처리기0x06	interruptexceptionhandler0x06	인터럽트예외처리기0x06	pending-translation
인터럽트예외처리기0x07	interruptexceptionhandler0x07	인터럽트예외처리기0x07	pending-translation
인터럽트예외처리기0x08	interruptexceptionhandler0x08	인터럽트예외처리기0x08	pending-translation
인터럽트예외처리기0x09	interruptexceptionhandler0x09	인터럽트예외처리기0x09	pending-translation
인터럽트예외처리기0x0A	interruptexceptionhandler0x0a	인터럽트예외처리기0x0A	pending-translation
인터럽트예외처리기0x0B	interruptexceptionhandler0x0b	인터럽트예외처리기0x0B	pending-translation
인터럽트예외처리기0x0C	interruptexceptionhandler0x0c	인터럽트예외처리기0x0C	pending-translation
인터럽트예외처리기0x0D	interruptexceptionhandler0x0d	인터럽트예외처리기0x0D	pending-translation
인터럽트예외처리기0x0E	interruptexceptionhandler0x0e	인터럽트예외처리기0x0E	pending-translation
인터럽트예외처리기0x0F	interruptexceptionhandler0x0f	인터럽트예외처리기0x0F	pending-translation
인터럽트예외처리기0x10	interruptexceptionhandler0x10	인터럽트예외처리기0x10	pending-translation
인터럽트예외처리기0x11	interruptexceptionhandler0x11	인터럽트예외처리기0x11	pending-translation
인터럽트예외처리기0x12	interruptexceptionhandler0x12	인터럽트예외처리기0x12	pending-translation
인터럽트예외처리기0x13	interruptexceptionhandler0x13	인터럽트예외처리기0x13	pending-translation
인터럽트요청처리0x00	interruptrequesthandler0x00	인터럽트요청처리0x00	pending-translation
인터럽트요청처리0x01	interruptrequesthandler0x01	인터럽트요청처리0x01	pending-translation
인터럽트요청처리0x02	interruptrequesthandler0x02	인터럽트요청처리0x02	pending-translation
인터럽트요청처리0x03	interruptrequesthandler0x03	인터럽트요청처리0x03	pending-translation
인터럽트요청처리0x04	interruptrequesthandler0x04	인터럽트요청처리0x04	pending-translation
인터럽트요청처리0x05	interruptrequesthandler0x05	인터럽트요청처리0x05	pending-translation
인터럽트요청처리0x06	interruptrequesthandler0x06	인터럽트요청처리0x06	pending-translation
인터럽트요청처리0x07	interruptrequesthandler0x07	인터럽트요청처리0x07	pending-translation
인터럽트요청처리0x08	interruptrequesthandler0x08	인터럽트요청처리0x08	pending-translation
인터럽트요청처리0x09	interruptrequesthandler0x09	인터럽트요청처리0x09	pending-translation
인터럽트요청처리0x0A	interruptrequesthandler0x0a	인터럽트요청처리0x0A	pending-translation
인터럽트요청처리0x0B	interruptrequesthandler0x0b	인터럽트요청처리0x0B	pending-translation
인터럽트요청처리0x0C	interruptrequesthandler0x0c	인터럽트요청처리0x0C	pending-translation
인터럽트요청처리0x0D	interruptrequesthandler0x0d	인터럽트요청처리0x0D	pending-translation
인터럽트요청처리0x0E	interruptrequesthandler0x0e	인터럽트요청처리0x0E	pending-translation
인터럽트요청처리0x0F	interruptrequesthandler0x0f	인터럽트요청처리0x0F	pending-translation
인터럽트요청처리0x80	interruptrequesthandler0x80	인터럽트요청처리0x80	pending-translation
인터럽트요청처리0x81	interruptrequesthandler0x81	인터럽트요청처리0x81	pending-translation
인터럽트요청처리0x82	interruptrequesthandler0x82	인터럽트요청처리0x82	pending-translation
인터럽트처리기	interrupthandler_2	인터럽트처리기	pending-translation
임시	temporary_2	임시	pending-translation
자료	data_2	자료	pending-translation
자신	self_2	자신	pending-translation
작업관리자	taskmanager_2	작업관리자	pending-translation
작업콘솔	taskconsole	작업콘솔	pending-translation
조각설명자	segmentdescriptor	조각설명자	pending-translation
콘솔	console_2	콘솔	pending-translation
크기	size_2	크기	pending-translation
키보드콘솔	keyboardconsole	키보드콘솔	pending-translation
표시들	flags_2	표시들	pending-translation
표시들_한도_높은	flagslimithigh	표시들_한도_높은	pending-translation
한도	limit_2	한도	pending-translation
한도_낮은	limitlow_2	한도_낮은	pending-translation
