edition	audit	build	manifest_sha256_or_error
ABW	PASS	PASS	e487138d21dc148fbc258b5637177e451a6148336cb4b763c79785487212f761
AFG	PASS	PASS	891b18e53a11ab9aa4ee3c63f60905c1488b899aa5671b8074366c3e4ab851d9
AGO	PASS	PASS	78d62edb96257003b53313a2fc8c5158477e6030288d3315df04f7206233d1bf
AIA	PASS	PASS	7644a81c8d7eb6a84efdd35587754f64697289163e2329a3dde6a660b91215d8
ALA	PASS	PASS	879e008d956de87d59086112fdc40e89c22f2269609973d61bf5639041de87c7
ALB	PASS	PASS	1052952ad85ff2d2a744bd538447bc7b1175404a4cd6c81d2f728837c84c41bd
AND	PASS	PASS	2c64d69369a3db4e52154372277f6efe52d125f84fd6331f5454af420dfbfae9
ARE	PASS	PASS	ae4299ac9aa944a2175a3ad2ba8b71cc1b2d03b1803b0b41191cef727e0cb73e
ARG	PASS	PASS	e6db1766250cd8c91c49e68b0e8d0508e6d9a2986f0eb01ebdd6cab70539bab9
ARM	PASS	PASS	6a5a54286541d62eac4635ccd0bf50849d235bb20dad1672b8dd9734e7c73fb0
ASM	PASS	PASS	837e66001148e6e7641d7469fd3ff24fd48b1bef51ed1456c9c026fca3feb3c0
ATA	PASS	PASS	a5e243e4805e6186d46f8841c4b77c1d7c13a25fb73cd817fbb34b5e324ab51f
ATF	PASS	PASS	3cb665d08ff074c584dbed0733fa091fda003e9771c79ddfe623e90e00700fe3
ATG	PASS	PASS	27e904801a1a6c1a9cd163c52292b2169b7343cb1f6f58ea1100d01b424c0323
AUS	PASS	PASS	d81589b0b48ecc301b4ad13dfbcdd4896807294c780ff0873927dd7f998860e1
AUT	PASS	PASS	4185e059edc40660187fc25bdb7ec1e963ce939c2bd6945832cd844570ac2159
AZE	PASS	PASS	ddbf068f4d446f0fc4bbce2822c5d2f01c1389b1a2959eaa01a650005e0704fa
BDI	PASS	PASS	da7369a153872e695e7f0f0d515d58e6c9065a7f13cfcb9f0055b36a962d981b
BEL	PASS	PASS	7953e94fc242d259a1aa11e6bb2cb4512bc4a99b079f45c2e883f62dbc170f94
BEN	PASS	PASS	d67e15b85579f4cf2fa99a7299ff41959e39375669b104e6d5e8ea266ac18fb7
BES	PASS	PASS	fc4c006a4ee42813ac8586b57ba0b55631c061508de2fb6947192539886d6999
BFA	PASS	PASS	9d61519891d5a1d066c0dd530496c63778f65e6cec3b31c5974b7462c9ab30dd
BGD	PASS	PASS	0ceaae8f32f63249be2e23640a1e98ea4a07f3c45aa93b2bde7e119374a5234b
BGR	PASS	PASS	e8ad4382cb583f5cd480c7ea371b189c45b3c828e6f9fc50bb9d9258cac25f8f
BHR	PASS	PASS	1a6d3346da54bce3fa719a5a9a6a9473ea6e6d9c77c4ebaf10479974a70ed814
BHS	PASS	PASS	b9c6cc9208050db0bd76db6014c1c588610b971b0654a24ebe5fe3b2b7f2bbe0
BIH	PASS	PASS	68b95f91b94689db745789f05a9cbca41596716288da883e37845eb19549a7a7
BIH/bs_Cyrl	PASS	PASS	d451ca12bd90381d099e49c41979aaadde63b97ce8a1502140e5ff0cf80d0d37
BIH/bs_Latn	PASS	PASS	4f95d25189087e5fa3ee89dd01160e654ea16e15bc63dcd56ba4e4928db6af49
BLM	PASS	PASS	c114a78dd48cb6422cae209b32624dd72f39ff8b8ee35d4f45f8ca978dc7673e
BLR	PASS	PASS	c53f224b8f9185d03db68466ff44de5fcec2dedb117d6fc2f62dfc55bc1fb87c
BLZ	PASS	PASS	658be8d58e4619ac3bf050091b0464b58ba25c40fdacefd039bb0b586aa50826
BMU	PASS	PASS	96fc06a314529cc5499921f6a91e841ed4db913f127a830c1c98ac2a466ec275
BOL	PASS	PASS	5ebbe244eb89ce898fba3eef94f333aed393a937ed5a101217f03e015b951ecd
BRA	PASS	PASS	2867c5cd92286317bcf61c29a22e3c512bc9d9aecaea808eedfabdda592f6d1d
BRB	PASS	PASS	c753cc48692628c6c3e61c02643a265e81d1ff45d14a6b16e8330bbdc84f8e26
BRN	PASS	PASS	6ebbb5ae169fe16193a84c00724e5e08749ac7c0db5e4c4da6e0c7cbbb162905
BTN	PASS	PASS	020887aca43479e3429b6472e9bb605e462a85df983cf48541d49909e871d166
BVT	PASS	PASS	bbe049e3122071f9c0b4d0029593d72647f12224b36a5245c386936ec6fb3f1b
BWA	PASS	PASS	7ed7ef46918794b4ed9e7e45f0fb0a0400bec01214a8c73748014e96b617eeae
CAF	PASS	PASS	b72775afc317c2706ee0888b2469fad3822578de8ac237edb055019ece8a56e4
CAN	PASS	PASS	eb4e5504032583ba40ac2d58971571bded65f3d7ed9bc94911b2327fe452a682
CCK	PASS	PASS	1c5740f26d0f3751103920fdcb0d87cefccec39f5e1cfd4e165191f3656455be
CHE	PASS	PASS	4ab1656779182ab9a53dd5a493e314408e7d2aabba5d1ff2a1cfa644c241da05
CHL	PASS	PASS	178c7180f181a629cb01f505d566e7fcafeced8a060daec0b5112c7e619eefcf
CHN	PASS	PASS	07300b258d86395c4764df470d5ad48a7c6c1cdae236ed64592fd8ebf44a217b
CHN/zh_Hans	PASS	PASS	adcd3812445298d27b3c0063c58b55ef83e099d87f84785e2967d894159d5786
CHN/zh_Hant	PASS	PASS	1557e82cf070d28124113a21dc93a1cfd712b1303abaeef2b56cabc68e187b54
CIV	PASS	PASS	65eb1c895ec37ac7e78599f9d56a1dbd41aefba8e30702fb926e0f41203617ae
CMR	PASS	PASS	c62bf41c191b4b69baea09f404e8f8fe8d078219eca24de22eef1eb017d640b2
COD	PASS	PASS	930d45863461b6aae73828a6029690afbeea8e8028dca95ff5e52a8ad86ce31a
COG	PASS	PASS	226e5abd187cb2c5e0e4d347eed685c5b668d3be50375acdd0870fd17f8800ed
COK	PASS	PASS	1870d480bc4e707f1fdecf77e8f56a5e332ad076e0cfd34e94023f140cc71ee4
COL	PASS	PASS	2ef427c24ed8011a459249278ddb9c4efdc30de81948dcb9543e9ed4eb05fb9e
COM	PASS	PASS	bf4abb8da88b6e67554df009de6cf3fc0052126da03881fdeaa4b85a5cf9a471
CPV	PASS	PASS	970363e5b7837ec1ef59d87de7333c3d458f2d83bcbf577f5505f3c1353c99a1
CRI	PASS	PASS	0f45c3a502912b784c3832ed791fb1f3dc1cba6cea6e66ea4b4ca5bfd210af78
CUB	PASS	PASS	175e4472a3e95e2f31322dca18c2a3c75857c48b868d47b7c00f9ce580fa6360
CUW	PASS	PASS	af96e5dfa76f7a0c74bb049978a9fafd732164825b2b28ae82e053d4121db11e
CXR	PASS	PASS	4fe8c44077831e93ecb195540269d68f577f52bdfbdb50d1895737759de7017b
CYM	PASS	PASS	1f23e4a57474ee077233f34b46c4a509a35fb9625e7a090da3bc49b89e8f5382
CYP	PASS	PASS	10fbcb30e970e456d47b99059247133a9617b8a0fe2408a40be87c49e678df34
CZE	PASS	PASS	9211c30d49e31a40d9bb514ffddb9aeec0c7d199a3078580d676c5270260c0f2
DEU	PASS	PASS	88065281e56b18db1ea4291eb3a42fc3bb7a081e9ffda152676a0fec06d94bda
DJI	PASS	PASS	b0366f11302d274c43434cb125bac3a4e478bdf9a2b1201a53dca156cbf83508
DMA	PASS	PASS	2cef422b9d19156b37b25f7c57e54d94fba5b101fcbe92a648103c0b89f30080
DNK	PASS	PASS	ebfd2fa7947916c34c528fa1f93bfb3d81010748d767274ccb8510f6679835ce
DOM	PASS	PASS	6b4d68520984a8a9b8b0b56bf256735d295750a120933ae0e416d5af62dd8aff
DZA	PASS	PASS	bf0d61fcaf278c97b3d1cc986aaa5e20680ae62a4da09b8414b5ede7408e9de9
ECU	PASS	PASS	deec6ee9697af1b8acfa78797d1aec8caaa2ecc413c57894c0d419aabf1aa8e6
EGY	PASS	PASS	7ec4996bf1ca65a3606bb4f117bdbbb5cc659ba118505310c4b89231bcba0b50
ERI	PASS	PASS	55df3904c65b9f48650e55016256fccf39fe43cb741ae7e3e625d4ac24a5acad
ESH	PASS	PASS	341f74aaa900618fd0c312593a78270d6416a7cfbcc259701fd474b0a173ca66
ESP	PASS	PASS	5bb8483519186d617315a8dea1a0a38e799da18b5f5ca79f36226aefe0659f78
EST	PASS	PASS	53ef20860be4e1525e99ca9cff04a92fd9d06c668c4e96282c069dcd3de4a19a
ETH	PASS	PASS	b46f68b20b8f887d06620e6ba1471575d08b93fda54fafe7b053a29b43187b6c
FIN	PASS	PASS	a5e8291ea2e2daae1b6aeb20d844afb74b88bd65c12466956ff01e4e6327feb4
FJI	PASS	PASS	17ca2782bd457ba3ad591dbf4c50799aa8a5a6647a2cd00a4a59f5ffa8505eee
FLK	PASS	PASS	86be903a9b9737bfc8e5f5a589485f7a032615655acead91b3b2742e94f147f1
FRA	PASS	PASS	601ce80efe390e4db9aee334db74d7ad4020626b66ddd877eaa5348614c6cde7
FRO	PASS	PASS	83ce3b201598110cf77fb18a3eedefefad0e3850b2184f70a0367f46bb17644d
FSM	PASS	PASS	ac6231839c9a59fe593b84964a5e922944b4a9acec4ca9f299045459fd4d2999
GAB	PASS	PASS	7cf20c2b1f246bbb4c414807e8f26dae16e111e9a69df31d8f4e528668369d2b
GBR	PASS	PASS	70ce15600c05d6644047377739d983b79a7154c74a11ba9a2faa1522cdcebcc8
GEO	PASS	PASS	ae9281fd27675244e37f63944e7df46b36c372cee720e9e9af89261f45f7b1c1
GGY	PASS	PASS	6a59c949cb0ff449bd66902790dbdd35e8373956f65d637a61675eca4a07348a
GHA	PASS	PASS	8e731eddda0bf0bbb627c3d427af7400b27433979ec3b7790499a5c16be8ae24
GIB	PASS	PASS	362119322c9dd0e058d68b23f57ff9a0e9dd7dd9beba085ee5f0f8d28a7d69c3
GIN	PASS	PASS	c333e3645ca0a5f4003b4709e3df651637278babc69e6a74d6e5a7d32039768b
GLP	PASS	PASS	13e6b08851c630cc368c6f07e2ebe2895ca3e17b5c320ebc389730c2133e973f
GMB	PASS	PASS	1bd3fa3d809791d8cfca2f85a829fcb084f9dac529e1e2cdb7534a720325aac6
GNB	PASS	PASS	0683af7c88724601544e048ecc0ecfdfbd4f67e0e0c71895052ae1b16a5f3d4a
GNQ	PASS	PASS	73d776d39373621b3cffad4ef9275a19e56989101b3afcd3adf7e59a45f06fc3
GRC	PASS	PASS	99bb71bd054b3340ca33af7d285b5d3ba05bbb4df9461d9dd3a33b4279347741
GRD	PASS	PASS	410b917583ca55354e56145c6e735371851b766e8f86f319e9503a3c7bea5a31
GRL	PASS	PASS	976dab62a9034a95ab2b81b34de7b1240110f2147de3d64ef508b53cc6fa6dea
GTM	PASS	PASS	5c87c2abc82c9e40fd2bb18bec3588c7a85acbe5ac5e88cdbce233c49548410e
GUF	PASS	PASS	f9ab01aa2bb164a2ebe8c1da926b3a55e47b1d4af23091f83a1888ae9aa8ab20
GUM	PASS	PASS	f9ff1345a2b4989984beb902bb1222f64f7c488e35f513013d9feea50f693161
GUY	PASS	PASS	0c1570ddf35164ee9038d672d4c56e18a37282e26ddd7391df425771be5b9328
HKG	PASS	PASS	ce4f0a8d24a29c4b52b1d9b3c8659a22b43ba15c44e5ab9e85cde8b8ff427e02
HKG/zh_Hans	PASS	PASS	4fbc16496502a5dcc32e8fc29674b87a5761a6bf89bee13f568464be4b1bbbdf
HKG/zh_Hant	PASS	PASS	01c27873902ce78fc4884e7a933dd48d66a73fcf9dcde037e0baf488f904e990
HMD	PASS	PASS	c9ca0ac36e4f76d911dc4c48125210453798775da00b5660bbd6ab0a1ff44aae
HND	PASS	PASS	c23675ec644a2e85714e806307dea172ee184c2592ae76ea89016569aac234d4
HRV	PASS	PASS	137ff822e49b52ac889984d01c841ad9eb4995a977982a8f4700470fbdafb3f5
HTI	PASS	PASS	14b69147d4844e1f08ff20e891632865d5d20959efe763585a919ae0a91c56d4
HUN	PASS	PASS	efc2a8d717c6b9625a6922cc4385cb3d31c3c3b671ef0d2c9f23d40139750bda
IDN	PASS	PASS	bfd2cadfccbeca8d80c6b6833f187953ab2b389726a21d4a4049d2b52aad2dcd
IMN	PASS	PASS	0c7eb9dfe08a360365937bd62807b937a31be32fb042cd48532d37734318882b
IND	PASS	PASS	62160ee367e629f86cc2599c4e6fc4152ab5eaa5603b6f46b00abc4300eefe03
IND/as_Beng	PASS	PASS	b114ae3f0103d0922dff8c82c8f0beb0e72c5d2e69f44c0a510f4ed65ef3043f
IND/bn_Beng	PASS	PASS	fa395593c9578d04abd8c5d4aedbe31a1296963c53e4e2b289829d1d41f00e8e
IND/brx_Deva	PASS	PASS	c91b733082a5727cd60080340455ca4fe7a0f5dcfbfd0493eb39d122add2ac72
IND/doi_Deva	PASS	PASS	6e329c1e3fbc4e4e9dab184781468190d77fcc03aab59542793718bd89255354
IND/gu_Gujr	PASS	PASS	12bbebccaaa56d88c42c5611eb957c68f6670b30a25f17309a18ae4f8e986847
IND/hi_Deva	PASS	PASS	35603bbb7a6ff71313860f5987f24b57610eb0ffa929bac7c879f6fc1db5a8da
IND/kn_Knda	PASS	PASS	95afd7c3a87603427a5cc4d25c52331626e1729da36ddae69f072a47c2359209
IND/kok_Deva	PASS	PASS	665b8e6ebcdd443c3c06b4e21ff0bee3ea212f1852b9a626a786812b78bad7bd
IND/kok_Latn	PASS	PASS	af315bb936df6936fe6a750d4ded7ca50c443cba161af1690df9e35e0e53a572
IND/ks_Arab	PASS	PASS	2f206292c7616a567bd42fdee365f9881837721793a1f52da51e490e0fdd9517
IND/ks_Deva	PASS	PASS	a613568c3d246c004879b8484e3a8e4445308a860214109e63ce93e0ad5136c1
IND/mai_Deva	PASS	PASS	3cbdc12dfed95f0c91fb672070ecca3de3659ae6ddddaf6e81e13f9637a7c1b5
IND/ml_Mlym	PASS	PASS	9b2c65c24130f6b7adccbb96a4a7835a8ec7f154c90eb1367d1b9fc5bc9ee6b5
IND/mni_Beng	PASS	PASS	aca6102cd5acf7ad2ad735bce49fe58336b546db4c123dc9057181036607f95a
IND/mni_Mtei	PASS	PASS	ccd66b92b68dd8eecbbc2004858dac74be523e02bf89cadb0f830de346ab6c48
IND/mr_Deva	PASS	PASS	b563e3260fa94724d1cf0fc967fbd2488b79b9ff1a01e8660124e98fcdbb611b
IND/ne_Deva	PASS	PASS	d2b0505492780a13f0b11ce6e5bf1d897a91f98a0fa73e6494ca9f60d143623d
IND/or_Orya	PASS	PASS	b87ca8d01f19414e2edb1579dcea4c7ae673fe55b85590efaa6631d7c0a2f969
IND/pa_Arab	PASS	PASS	743dea0d56e45e8b199b687140fb455302520d980e1c4f868d6087496f9cf6fe
IND/pa_Guru	PASS	PASS	5450d9e8bc337b29ee16d5e808e8bf4a109fb6ca50ebbd5e207a791231d739de
IND/sa_Deva	PASS	PASS	965d7eafa5a96a94d500e34d96e0f9a045cf7d12b473f8842d3a21b0ed3bbb38
IND/sat_Beng	PASS	PASS	6e50ae61e2fc2b6ab52f428f15386ed7f6fde18675706737a39d9b94c7ec3992
IND/sat_Deva	PASS	PASS	36913f53cee84bbfc98dbb873549c87c7b2d4b6c827fd0a75c4ae54965b8d985
IND/sat_Olck	PASS	PASS	d29dfcc5c585af7d14bd500958f83604810ce5dd4c0004af63df9e055b8d589b
IND/sd_Arab	PASS	PASS	76ebcc6ff93bb08206d7db6176703c4cb739cbe927aa03b28edcaf6f8d14c0c5
IND/sd_Deva	PASS	PASS	628dffde82bfbf63b36ef61c6aa75967d79ca4d45da57013e4f249c6a3693c87
IND/ta_Taml	PASS	PASS	39ed809867d1673601e4d5fab617b8a776d89a4560e175530efac464f5fa39cb
IND/te_Telu	PASS	PASS	36083a61dc83049a5361a88ecacc6bca9404a6d69d71c976cbcf9bbc1d189c39
IND/ur_Arab	PASS	PASS	04fc102550db1bb52fe516e036a56db4543506c3b7de48672ef67b2b1faaf358
IOT	PASS	PASS	016be8d829265b19250a9d3d55db85bd6d01808e9fa48a7257fd80ff9dab961d
IRL	PASS	PASS	47e27cb471bf8add17ef6e00162750e2d4113164f2923d009c7074fa69850738
IRN	PASS	PASS	be048478e41a27bf8976896daaa237d7088fa8b5f12b446336199ecabc3b1b5e
IRQ	PASS	PASS	ab4596ceffd2db087a469992ad0690a053baff628869486ae2ccc08ecb5041d7
ISL	PASS	PASS	607c1a103eaa062cde84605bb80e615fbbaf0774fae806c104289b1d40a7c201
ISR	PASS	PASS	984cca36da168eef7c8d4d7ed4c79df53b34660016a8b154334e3c817955c91c
ITA	PASS	PASS	1335bc7f75516367f3c1a9a228bb643e1e2a9c4e8340c6dad9ea708a801231ce
JAM	PASS	PASS	e88ee6af590cbf1bbc5a9cd338b03dd1574f58d8f4f324fa12945f1d7194620c
JEY	PASS	PASS	d13c6e2ff19b257596955b97c4b586227d417a040c714e7fb705e5a2906177fb
JOR	PASS	PASS	2f78b0d2d72210c8912bd9de95ceb6f3a4969a591976f260d8eb329f767bfd06
JPN	PASS	PASS	5665111c43303489bb5fe4cbc2b0323d2459ffd91a1ea2110a93c5cc009bd8a2
JPN/ja_Hira	PASS	PASS	a67aaf61bd50cb6ee785b5dacd786e9ee0b724010a585d8f779a081c3f6ed27b
JPN/ja_Jpan	PASS	PASS	74e89382aad9e910e9a47dace02a5537885d85468b321461de9dac7ac591fa91
JPN/ja_Kana	PASS	PASS	2e88aa38c9de43e484e62075bf44d0c67a66d209f00f0130d74dcead261ccbad
KAZ	PASS	PASS	b172a8ecf27b205c1f7089ba07074e51ab9b77ef56f0eb187743878c8b31cb5d
KEN	PASS	PASS	4cfc123caa3fa162f3a52251e939ba80828e295eb24ae269c7d3296403efbaf5
KGZ	PASS	PASS	496a51b3842b1b5ac53cc2be85a25ee0b3ce36f62f48b38b106a395144142d3c
KHM	PASS	PASS	093cc415e239993cd17171259f32be3e1bb96819aa74586492a8d419067ebede
KIR	PASS	PASS	48ebf0834a4c8ded7becd53102e655065727f016a558643c98d9751dd3b91f26
KNA	PASS	PASS	d34ee72a3a16149a86ad0a7540e1b27550a4a3d4927534853c15f9deb58e6b94
KOR	PASS	PASS	65dec8efae5c8ad5462d24221028e2cdfb9562b3b213e8c97088ff5743a4ac3e
KWT	PASS	PASS	71e96ed3a85f4bdd68809e178e0e04db5ebc72c44d0d895f6f96658dced5e6d7
LAO	PASS	PASS	01b7d0f40d7c157370451861670d16cbe89aa6cf2da02f6e50c7698da02e106a
LBN	PASS	PASS	1750d3ef222b6279e9b65d3853043d2e6723e8a74d7d534b78166e5243bdaec2
LBR	PASS	PASS	a1c3063af43ff3b2c93408b1c6e8e90badf6a59b1d8d1e90831e6b71cba44bd1
LBY	PASS	PASS	a2010927ad77d2f955eba563258bda0a422f77de0089e08c75337d6b23b69630
LCA	PASS	PASS	e03b1a0aa014521e8b30fa91ab1e5f2218cb7f69e6e1a9ac3fef9e462c62c30f
LIE	PASS	PASS	dd8eb337f455d40795491d3871eadbba891d0b8eb1d4683e576d0f2465db44e5
LKA	PASS	PASS	39bc204b7dae26aac27d7c4dbe30ca01fccc75611e6bcb3d04fd70ae6afa37ce
LSO	PASS	PASS	7eb9fa898b063b329a2494e2f713e13191d252b04cafbbe806fc37c2fb76647a
LTU	PASS	PASS	476c23047740c8c1cc07868010d6cc50d77c55eb02c272b6dd40a062f28c616b
LUX	PASS	PASS	d51ce463fa14d46cc958900f1fae75202ff93c8b706b13349c9246b1f9066a6b
LVA	PASS	PASS	918fb40a1effcf3444caa2b9a95ab034abc381abeb256b2dd4602055904207fd
MAC	PASS	PASS	9f003d61b55a2b67c4ef5a77673da6c515a19a480205ab9ab0aa93e2b87b9b95
MAC/zh_Hans	PASS	PASS	8751aa9d8b45cf42ec6afac60db8479392a15b5c46292a4d3d90c412f0741f4d
MAC/zh_Hant	PASS	PASS	d9a9b550b1a83d05d3366cb4f53a2b15018c1ffdfc3b0242db3c56bbd84c4f41
MAF	PASS	PASS	22633cc0aed6dcb260ec354fcc5fe404180d9d6d5e4535fb16a74813430bb40d
MAR	PASS	PASS	221b4ac02283a6540bcbb54f871511c8dd3d8bfac0abab8a57ba349a9cc173cf
MCO	PASS	PASS	8408a72a941729ce06a46025c4a5d72d2a5f1458c46a7096e8411f0e33c2b48f
MDA	PASS	PASS	78a12c7d7814439ed68b3e21cba244858e3e328037715f2d923d238b50ec9d4f
MDG	PASS	PASS	86c78f501d027302a6a4fdbacb37e34f67a82b3365bd13b88390e3aa8954a983
MDV	PASS	PASS	3f6966408ef98796a0ae76c65ba8113d6b2d660820fde2410b44747b10ac00e6
MEX	PASS	PASS	8e4a6b78f7af4a08844fecdc7b3385b2bcbdcd346d25f57c465046ba9d2dffd9
MHL	PASS	PASS	3a62b95b52cd1213d932cfc2415468e5e27ad8b38cc71762fc747aba39fb60fc
MKD	PASS	PASS	7619fab9500bfec72feeb9dc9070d1a85fe27c56b7e1c5bcfa8f8299bf9cd9c0
MLI	PASS	PASS	f4f3388e99a057187173e01b155a1970513e50d16e267b3901e4535b8dc69621
MLT	PASS	PASS	62d15544adbc0bfba4e55b643888c2e9dea8ff5cea330d6f89bebb098484ad95
MMR	PASS	PASS	35a80613c5a3d40ee4c48fa02d1106e33b19f02bf392fa4e5fcbf0152aabb358
MNE	PASS	PASS	f3a307f4c8219295188745b59927e52e5c63e8b9c5de6aaa048400247d4ca30f
MNE/sr_Cyrl	PASS	PASS	e8bc83c76492dbfe62bb63d092bbb6da28b26f74336bb2fb7fb7f986df1a906b
MNE/sr_Latn	PASS	PASS	2b58bcbcd55d025d3a303822e366b9c78583da9ed530841dae57dfaccaa92965
MNG	PASS	PASS	b3051af926e253a076dc4c4376c088aac0359eb675c4625c08f3a755f8a0fb4a
MNP	PASS	PASS	e8cf9d7498d3e6958cc8073e9c3379b2bce4d07e81e6df1815185c7ccca99156
MOZ	PASS	PASS	9059add39504a2dcc895397a88ea84094f7adf4be680931f61968cb761e98698
MRT	PASS	PASS	129fa77342eb01c8784217515e6d4435b17b5105239c4bf87c75c99df8179c7c
MSR	PASS	PASS	a0f6620073b49a8cb484f43a4e1c936dbcd6c842727bdf8d7c259d1041a070f9
MTQ	PASS	PASS	870ac61c4c5047f7072fc5a004d6fbd8632c0de6536194686e1428461edce665
MUS	PASS	PASS	4bd839c8218bcf37a20ee880df6a97d2978a271a52431230724cad1cea3c7e1a
MWI	PASS	PASS	268a3b3eed98629ba02510bc0db6e881ccb745abc0b4fff89c9317c1e280449a
MYS	PASS	PASS	8f6d35ce86315836144e6254d45ee71c68f6ed5ba26f789bdb31f10278c52499
MYT	PASS	PASS	b7667aeb2e31b87e62a37736ff976ecea734a1cb209fa373ce8e1c7f6749aeb8
NAM	PASS	PASS	52b4cf2730ff90eb66de251579a93d1f0b30833fa46cc310dccf3a41e625406a
NCL	PASS	PASS	ac9e350c470fafbda4acfb16f077f7ac8a80f849889e36a95155dc9154e1fda8
NER	PASS	PASS	00aafaeeb6f77520def998be94ee8ab4518cd6a862b6684aa2886d4be65574ac
NFK	PASS	PASS	042f4df5f24c9273274842fb287f6e13a4a94cc7f5dd2f44bb7159c1cb176250
NGA	PASS	PASS	9e06141e44adad1ddab5f7c43c25da4cba231a18bd6a42239ed9271f32dfa613
NIC	PASS	PASS	b851733c615bedfe8da559fac2feee939e0ce352120f9399c4fa6eae7653ae38
NIU	PASS	PASS	2f2975f5637261bd3fbd40d49f28b96bb0fb2b7835b697ec3dfb99c8b79659b5
NLD	PASS	PASS	604929fa5ac19f0d810b1e67f55ee90632e66dec0596d001adb8a711a881fb8f
NOR	PASS	PASS	fcb9e18b96960a025ed2300ae59980c39b4a8010804f251b6084cc31d77e207c
NPL	PASS	PASS	f41d503a87ca7da0249dfb44c7b9f36345fd0ee7bf6c3791b3ec13977f454158
NRU	PASS	PASS	8f5a9a05f1612ce56b9b225fd8c8cabb5cb46b39aff54355dc6b4bebad515e3b
NZL	PASS	PASS	ddae6a4d09423a3c4fe0041594149f89d0ccb567c39bc805d2451594cf796c17
OMN	PASS	PASS	571ba2ab405bdfe404274a8d33331f8539d3c6160d1d25ce6ab89c75e9029a78
PAK	PASS	PASS	6caed524bc2f7042012c2673bb44ab8fff6e521f99614337186845089d450dcf
PAN	PASS	PASS	4a80815bbbfcdccea83440774f13ab29afc228df6260f52ff0d626fd8800fa1a
PCN	PASS	PASS	c64dbec4b15232b3f61771299619ecf34b899d91c9249e5270f87ac4748bd55d
PER	PASS	PASS	39711817199020880d5fb4e86e0be4205db677fff73624b97fe1cd69fc73d285
PHL	PASS	PASS	372605f1502a6fc717deea5588b8bb44f310fa2ff7bf2011d5bfa9c3132e727e
PLW	PASS	PASS	6d1767c3aeffca55fc8fc16819984c367837b7c5ae11648e7cbd409a45b318ef
PNG	PASS	PASS	7e7776076863d244bc92d83809ab3a72157491db44f0bca340471a8f5fad283f
POL	PASS	PASS	c9fbe3b771a3e42bb244d0e8c76f2b0b20902e3143020c77132885ce034cfa32
PRI	PASS	PASS	84824e24b3c98ad006c1e3a3838d0c3f7ca27e45a2028e5cbe50e2ccc0b2812b
PRK	PASS	PASS	54b525282d29b60e2cc0afd8edc7f10df0118d850614508158bf2b495310f9d2
PRT	PASS	PASS	3de642bc3fa9584c7e0afabacf603f32d62e60c69c8198eba1cda9c757f49135
PRY	PASS	PASS	b4f332b426674683ae5fb00ed996a13bc7b48e8cbd5cfb8f04afb13b451c70fb
PSE	PASS	PASS	020d69f6bdeccc08cf3926dcc7eaa2b648635d77da9cef272505f289bb26e717
PYF	PASS	PASS	ba0d60664e31cda8e77b7f1cae75aeafc6f02cc78b5ee4f33fbe8d47f4b5ac0e
QAT	PASS	PASS	6618f3a8f3935547b728adf2761b4f4f467038c61b47707315c751117fe7fb27
REU	PASS	PASS	63aeb154bb31f34982ef56da45b553393819c25e4c21028dd1be54b97a9107ec
ROU	PASS	PASS	232a82c0d4efb7a0c8b2e015dda442a27ea1911685fe72eec4ed9b20e2433f60
RUS	PASS	PASS	01ca8774a56f7da892fece6f3ba67fea6ddfb455c485ac125d253d7c87981fae
RWA	PASS	PASS	9abbf09da76103397c23beea99a866c74ee3042cb983a769a371e383af90581c
SAU	PASS	PASS	2af5dcc2c3ee09d074a8eb9430a26feb4fa0cee9b22d0b3b44e01e9e8a55ddea
SDN	PASS	PASS	da651de84bba91b8398b713b258a3c436d7b095d78180f7e20670211d8e3bcb3
SEN	PASS	PASS	df98461875d51a30f57fd7d885e307a7f25dd1e7138a048f2959e85b38c80487
SGP	PASS	PASS	99c1bbdd1b5c56b11907413a43860a38ecf237275410ee571842a16c6031d117
SGS	PASS	PASS	d2e513a8e292ec7f15af66233c294880e79639bdfdb448d20a092fd70c8e46d8
SHN	PASS	PASS	7912e974e372c0641f00fdf3d3147921ccbff031acbf0b292faa8804790b9a57
SJM	PASS	PASS	fc93580673f2f64a5e9fe6f727a9b833e06aa8497aea60b90d8d01a89dc66a8b
SLB	PASS	PASS	8ee5fc96a6bba6c98c965008ebf5f31de4e1b81dbd91437beab564c3ce956ad1
SLE	PASS	PASS	ec078c281faa01726e17c3cc5fefdbcc39f1dd6a9cd54d79240b3388a37994ad
SLV	PASS	PASS	5a4e399b04058899a33aac83ca19c27418e85fc14c08433689059a6be2c135b1
SMR	PASS	PASS	d0d00310e7f899d07b9343a81726b27d0f7db95b75fcac9ac43e81b2fdba095d
SOM	PASS	PASS	711208b0d09923499006175120ad39072253cdc73fef21dd6294d6b5cc0fbd8a
SPM	PASS	PASS	a72ad0b59b6ed805e05dc0eddec25b2064ce823b499a2860202b768d8239392c
SRB	PASS	PASS	5118f7fde2921b8d5079e96707cdc0528c371ebfdde01a03e8ed33d5311700ff
SRB/sr_Cyrl	PASS	PASS	179d267816f9b299d82113ab8c36fcfa6b42780ccdad53b7c409e7dd300b03db
SRB/sr_Latn	PASS	PASS	0b4f8cd90e86f8ec07df8aaff689e44abc635e3689147191f8aebb7b8a75be1f
SSD	PASS	PASS	6c602bc7618762fa5ce2385d41d0be90b346e66bdf2f6f36d1234aac7e1db012
STP	PASS	PASS	3c7d1eb42b249c59a8cf1f906773d39d1f46a8583c805e622277351b5ca55ec5
SUR	PASS	PASS	2f5a4c372f84d58feb94c8882672539f40264212126c8f509d4cfb64dc1c6511
SVK	PASS	PASS	8697f09af35cdac602e8d8393e26231f6017024405b5b6ea7bfc60befcb50f7e
SVN	PASS	PASS	aceee28fbecb74187de2b08ce1b546bab06a8e7ccaf285f3f501a42002231962
SWE	PASS	PASS	284786c5760edd702521029808776ed24b76cd679d335b2559957216ee640353
SWZ	PASS	PASS	d382c78a85af8a81f457ce5d9f957ebf0d36b2f8265eb8cfd5ff6c7c3ce82b0c
SXM	PASS	PASS	7d079985e6f17834cc20f51d4743a85f2c3121c1e18d3cc6720861d147b09e60
SYC	PASS	PASS	de0bae3b6ebe69e230e2091c7a0d1daa92760af3756e1729b344aee5bb894ffe
SYR	PASS	PASS	36f13461f8f0115111b11ffca73fda234f9f6952b2b51d3e7300411c8e9ab0b7
TCA	PASS	PASS	859e793045fca9df2eaec30b26aed833add301a12ac9fe5fa4e440b061fc0c58
TCD	PASS	PASS	6465828b359ca90591ecc34c80253ebb0d2212b01a909fafbd8b56474e8107c0
TGO	PASS	PASS	fb6f6811ba6f2d6f0de0889884fbdd91a705ddf110c4cd11b04b18919b12cb7b
THA	PASS	PASS	5c4c0785e072eef0c0498c4c40b7cc7ae611e1a04f95422d4d906c92e7e28d67
TJK	PASS	PASS	6410039f738a8bbe559e106af04424345c8c398135994bd11c21182ec80ba9c3
TKL	PASS	PASS	beefa6bce94221739de14fda3d39c65ab72505cc09735a84ea3c74d935e89c18
TKM	PASS	PASS	cedba60324b397aebcd6611fd21e2ddadad96d82cfa3ae0d7f17264b8cc8f0a6
TLS	PASS	PASS	03679efa51832b120721a3e5dee74715dac6e62c312e99aefb3c35cb3dd047ba
TON	PASS	PASS	222495e42d53fecaa44491950b629bf72ab71066b3201e73d8a8d84743ed0a1a
TTO	PASS	PASS	8895a4a5820d5f4b9b00b46b01ff69afd9cff3e403e5392e5dc0cb1939f9d5f6
TUN	PASS	PASS	e900f96a6be8007f54f8fe7b0c5fff9b3353c95f3cd01970694a69aa1f26dc4a
TUR	PASS	PASS	7cf86a0469cb42692619a333678c22bf85071428e1b73ccabb270622d4df361a
TUV	PASS	PASS	ddc56837a17b7796a1fd84dde7af3afba94ac567fd14e9ff78279d89e95a9b5d
TWN	PASS	PASS	de3b02012d19294b9fc694f0f834303c59948f27e63b9638366a1f29d95b0994
TWN/zh_Hans	PASS	PASS	848537c6017267fda784de24c472efdde47b3794d8d7ee069140a802da1a49cd
TWN/zh_Hant	PASS	PASS	53c1bad23f6d74afc50e29477c79c15f6d5c81a1bbea3cfc5483a1665e291787
TZA	PASS	PASS	b1133fc943d3ae418f767bee7bd82a79a123b0a76aa6a2e2f6d64aeb511eacf4
UGA	PASS	PASS	c7015a6e01b8affad9371713e6bdfe03cc1d52b00cf986541c042ccebf9e6040
UKR	PASS	PASS	168ba679a6f414763c723696d4cd79453aa942b1117db452cee83a2ed5b70799
UMI	PASS	PASS	3d848ab27ffc325ff0d48e512aede5b1497170a976fe8b5f5f51a58842578864
URY	PASS	PASS	1d74f9f07487cbb82c7328197f68501d0d15748779e711077eabb0a8a9d6eec7
USA	PASS	PASS	4aa07c6dc91f3bd3e2f4f7ce94fbdd1843b23d4959a647d5e64ceaa629016d7e
UZB	PASS	PASS	b56a3ea460af034e72475030f407bed23b45bf154c7aeac517eca31a86ad3895
VAT	PASS	PASS	8df20f360b12cc26da1a03c408c3f6be6748082d45fed2038f73d5a510226388
VCT	PASS	PASS	1be24d44542b22c820c528d81b81c9ba17576305ad236369992d7fa1ad1e8ad2
VEN	PASS	PASS	96143457adcbb2f285e84a01b48c379471e25fb5b401181631b353103824d89f
VGB	PASS	PASS	99ed77fef3ba2273808095104f870dae5ecea6ae9e309aeba46b26b13dd6a37a
VIR	PASS	PASS	bec49fc09220990c1c0bdb3bd4fc6232876c905a321edad2930799e4ef19ed5f
VNM	PASS	PASS	4a904b261900fa1362befabcc0bf2e6680239764a830cfcd93b97bab2a261e8e
VUT	PASS	PASS	af974496c7ee63080cbf6c173a4acfdf71159e5879e7c7dd5ed71998af72db59
WLF	PASS	PASS	88de136717a2fd25deb990dd1beeaa59f436b1969c3c5414f669c6133e0f686d
WSM	PASS	PASS	8dc2c184b097f059af035ca73db08815c60d4b2f5548e675a2dfba459d5da12c
YEM	PASS	PASS	1e1a990865e40b396bb2d6e44f1d79349e351f228db333b34132c8d05212c7af
ZAF	PASS	PASS	2ff1f8070847b5e0229875da9eb50f419a0de59d8aac09cc2fe6f50fcada0dce
ZMB	PASS	PASS	68763379453d790bbee9eb314d0ff76d90eae001657f2c011eea70204c565d4b
ZWE	PASS	PASS	477c3141f4ccad04e319b4f0a704d6242f224966507f3e7be5112a96530dd984
